id,time,value,event
chan_3,0,0.0,0.0
chan_3,1,0.0016964556195091518,0.0
chan_3,2,0.009148742805210386,0.0
chan_3,3,0.030213066747450057,0.0
chan_3,4,0.03827123094011853,0.0
chan_3,5,0.053377764313844,0.0
chan_3,6,0.0752297283651413,0.0
chan_3,7,0.07761284459254769,0.0
chan_3,8,0.09409269918206631,0.0
chan_3,9,0.12569928304554168,0.0
chan_3,10,0.13811976168837692,0.0
chan_3,11,0.15231747955165043,0.0
chan_3,12,0.16901948904372377,0.0
chan_3,13,0.15552862768857922,0.0
chan_3,14,0.14557204887407815,0.0
chan_3,15,0.14973240432192236,0.0
chan_3,16,0.1452489144703626,0.0
chan_3,17,0.14642027668383273,0.0
chan_3,18,0.15052004443098044,0.0
chan_3,19,0.16055740684640973,0.0
chan_3,20,0.17140260527112972,0.0
chan_3,21,0.14961122892052892,0.0
chan_3,22,0.14755124709683898,0.0
chan_3,23,0.14007876401090602,0.0
chan_3,24,0.12971826719175938,0.0
chan_3,25,0.1269312329597092,0.0
chan_3,26,0.13717055437746106,0.0
chan_3,27,0.13908916489952539,0.0
chan_3,28,0.13345450873472675,0.0
chan_3,29,0.1952539634454209,0.0
chan_3,30,0.21870140361506563,0.0
chan_3,31,0.25281227910734083,0.0
chan_3,32,0.31352115520549306,0.0
chan_3,33,0.3752398263152581,0.0
chan_3,34,0.38461072402302277,0.0
chan_3,35,0.35080278703423184,0.0
chan_3,36,0.3444410784610725,0.0
chan_3,37,0.3355548823588812,0.0
chan_3,38,0.3446632333636268,0.0
chan_3,39,0.3590427143289907,0.0
chan_3,40,0.3607593658487329,0.0
chan_3,41,0.3589417348278299,0.0
chan_3,42,0.3289508229829341,0.0
chan_3,43,0.3302231646975664,0.0
chan_3,44,0.32767848126830224,0.0
chan_3,45,0.3188326769665757,0.0
chan_3,46,0.32256891850954217,0.0
chan_3,47,0.3389477935978995,0.0
chan_3,48,0.36354640008078354,0.0
chan_3,49,0.3573058669090172,0.0
chan_3,50,0.3501969100272646,0.0
chan_3,51,0.3555084317883468,0.0
chan_3,52,0.3538119761688372,0.0
chan_3,53,0.3586186004241134,0.0
chan_3,54,0.36829243663536326,0.0
chan_3,55,0.38073311117843067,0.0
chan_3,56,0.3826921135009598,0.0
chan_3,57,0.36281934767242285,0.0
chan_3,58,0.37229122488134836,0.0
chan_3,59,0.38232858729677854,0.0
chan_3,60,0.3952135716449563,0.0
chan_3,61,0.4312834494597597,0.0
chan_3,62,0.48752903160658345,0.0
chan_3,63,0.5478743815005549,0.0
chan_3,64,0.576613147531051,0.0
chan_3,65,0.6027466424315864,0.0
chan_3,66,0.5871756033525193,0.0
chan_3,67,0.5536706048672122,0.0
chan_3,68,0.5430879531455117,0.0
chan_3,69,0.5362617388670103,0.0
chan_3,70,0.5002322528526708,0.0
chan_3,71,0.4980107038271231,0.0
chan_3,72,0.5016459658689287,0.0
chan_3,73,0.506392002423508,0.0
chan_3,74,0.5145915379178025,0.0
chan_3,75,0.5462385135817431,0.0
chan_3,76,0.49734423911945846,0.0
chan_3,77,0.5024336059779859,0.0
chan_3,78,0.5292739573866503,0.0
chan_3,79,0.5255781076441486,0.0
chan_3,80,0.5158436837322022,0.0
chan_3,81,0.49191154195698283,0.0
chan_3,82,0.47155407452287124,0.0
chan_3,83,0.48025850752297305,0.0
chan_3,84,0.4908815510451374,0.0
chan_3,85,0.49914167424012934,0.0
chan_3,86,0.5106129455720487,0.0
chan_3,87,0.5135413511057259,0.0
chan_3,88,0.5099262849641524,0.0
chan_3,89,0.529556699989902,0.0
chan_3,90,0.5485004544077547,0.0
chan_3,91,0.5595880036352621,0.0
chan_3,92,0.5703120266585882,0.0
chan_3,93,0.5496516207209936,0.0
chan_3,94,0.568999293143492,0.0
chan_3,95,0.5838432798141979,0.0
chan_3,96,0.5846915076239525,0.0
chan_3,97,0.5812178127840046,0.0
chan_3,98,0.5850348379279011,0.0
chan_3,99,0.5647783499949508,0.0
chan_3,100,0.565263051600525,0.0
chan_3,101,0.5665757851156217,0.0
chan_3,102,0.568999293143492,0.0
chan_3,103,0.5746541452085223,0.0
chan_3,104,0.5773805917398764,0.0
chan_3,105,0.5566999899020493,0.0
chan_3,106,0.5616681813591837,0.0
chan_3,107,0.5635464000807837,0.0
chan_3,108,0.5684741997374534,0.0
chan_3,109,0.5776633343431286,0.0
chan_3,110,0.5869332525497328,0.0
chan_3,111,0.5622538624659197,0.0
chan_3,112,0.5642128647884483,0.0
chan_3,113,0.5705947692618398,0.0
chan_3,114,0.5740280723013229,0.0
chan_3,115,0.5821872159951531,0.0
chan_3,116,0.5935777037261434,0.0
chan_3,117,0.593597899626376,0.0
chan_3,118,0.5780874482480054,0.0
chan_3,119,0.5884681409673838,0.0
chan_3,120,0.5886499040694737,0.0
chan_3,121,0.5940018176310211,0.0
chan_3,122,0.6043623144501664,0.0
chan_3,123,0.616903968494396,0.0
chan_3,124,0.5995556901948906,0.0
chan_3,125,0.5939816217307885,0.0
chan_3,126,0.6037968292436635,0.0
chan_3,127,0.6023023326264774,0.0
chan_3,128,0.6078965969908108,0.0
chan_3,129,0.6174694537008989,0.0
chan_3,130,0.6281934767242254,0.0
chan_3,131,0.6191457134201759,0.0
chan_3,132,0.6014339089164897,0.0
chan_3,133,0.6092093305059074,0.0
chan_3,134,0.6120367565384224,0.0
chan_3,135,0.6167424012925378,0.0
chan_3,136,0.6239119458749869,0.0
chan_3,137,0.6333636271836816,0.0
chan_3,138,0.63083913965465,0.0
chan_3,139,0.6075128748863983,0.0
chan_3,140,0.6119357770372615,0.0
chan_3,141,0.6156316267797637,0.0
chan_3,142,0.6186206200141369,0.0
chan_3,143,0.6245582146824198,1.0
chan_3,144,0.6338685246894884,1.0
chan_3,145,0.6371402605271133,1.0
chan_3,146,0.606563667575482,1.0
chan_3,147,0.6088256084014949,1.0
chan_3,148,0.6113299000302943,1.0
chan_3,149,0.6121377360395841,1.0
chan_3,150,0.6170857315964855,1.0
chan_3,151,0.670665454912653,1.0
chan_3,152,0.6481874179541554,1.0
chan_3,153,0.8271634858123802,1.0
chan_3,154,0.6152479046753512,1.0
chan_3,155,0.6697970312026658,1.0
chan_3,156,0.8064828839745535,1.0
chan_3,157,0.7047561345046955,1.0
chan_3,158,1.0,1.0
chan_3,159,0.7822478036958498,1.0
chan_3,160,0.7389477935978994,1.0
chan_3,161,0.8033525194385538,1.0
chan_3,162,0.653498939715238,1.0
chan_3,163,0.5634858123800868,1.0
chan_3,164,0.5658891245077244,1.0
chan_3,165,0.5144097748157126,1.0
chan_3,166,0.519357770372614,1.0
chan_3,167,0.5043118246995859,1.0
chan_3,168,0.5015045945673027,1.0
chan_3,169,0.5057457336160756,1.0
chan_3,170,0.49885893163687767,0.0
chan_3,171,0.46743411087549225,0.0
chan_3,172,0.4714934868221752,0.0
chan_3,173,0.4735534686458651,0.0
chan_3,174,0.4772089265879029,0.0
chan_3,175,0.4827426032515403,0.0
chan_3,176,0.4668888215692215,0.0
chan_3,177,0.4284762193274765,0.0
chan_3,178,0.4332828435827527,0.0
chan_3,179,0.4339291123901843,0.0
chan_3,180,0.43190952236695956,0.0
chan_3,181,0.4370190851257192,0.0
chan_3,182,0.4370190851257192,0.0
chan_3,183,0.4199333535292329,0.0
chan_3,184,0.4402504291628797,0.0
chan_3,185,0.4527718873068767,0.0
chan_3,186,0.46963546400080736,0.0
chan_3,187,0.47215995152983936,0.0
chan_3,188,0.4523477734019994,0.0
chan_3,189,0.4152075128748862,0.0
chan_3,190,0.4283954357265478,0.0
chan_3,191,0.42724426941330895,0.0
chan_3,192,0.42867817832979904,0.0
chan_3,193,0.4309805109562759,0.0
chan_3,194,0.4411188528728669,0.0
chan_3,195,0.4201353125315559,1.0
chan_3,196,0.41688377259416365,1.0
chan_3,197,0.42704231041098684,1.0
chan_3,198,0.4297283651418762,1.0
chan_3,199,0.4362516409168937,1.0
chan_3,200,0.4470160557406846,1.0
chan_3,201,0.45927496718166205,1.0
chan_3,202,0.4815712410380688,1.0
chan_3,203,0.5059476926183981,1.0
chan_3,204,0.563788750883571,1.0
chan_3,205,0.5536302130667474,1.0
chan_3,206,0.45927496718166205,1.0
chan_3,207,0.5512067050388776,1.0
chan_3,208,0.3900434211854993,1.0
chan_3,209,0.4178329799050795,1.0
chan_3,210,0.446672725436736,1.0
chan_3,211,0.37095829546602044,1.0
chan_3,212,0.523881652024639,1.0
chan_3,213,0.4209633444410783,1.0
chan_3,214,0.4918307583560533,1.0
chan_3,215,0.5104917701706553,1.0
chan_3,216,0.4671715641724732,1.0
chan_3,217,0.5128546904978291,1.0
chan_3,218,0.46056750479652653,1.0
chan_3,219,0.4637988488336866,1.0
chan_3,220,0.4542865798242959,1.0
chan_3,221,0.4521054225992125,1.0
chan_3,222,0.45782086236494024,0.0
chan_3,223,0.47005957790568553,0.0
chan_3,224,0.44580430172674923,0.0
chan_3,225,0.43825103503988716,0.0
chan_3,226,0.4420074724830858,0.0
chan_3,227,0.4414217913763512,0.0
chan_3,228,0.4415833585782081,0.0
chan_3,229,0.4510956275875997,0.0
chan_3,230,0.46137534080581677,0.0
chan_3,231,0.4286983742300312,0.0
chan_3,232,0.42219529435524583,0.0
chan_3,233,0.42506311218822557,0.0
chan_3,234,0.4248409572856713,0.0
chan_3,235,0.4309401191558111,0.0
chan_3,236,0.44119963647379556,0.0
chan_3,237,0.4544279511259215,0.0
chan_3,238,0.4262546703019283,0.0
chan_3,239,0.41969100272644644,0.0
chan_3,240,0.42552761789356763,0.0
chan_3,241,0.42344744016964553,0.0
chan_3,242,0.427506816116328,0.0
chan_3,243,0.4378471170352416,0.0
chan_3,244,0.4505503382813285,0.0
chan_3,245,0.44497626981722727,0.0
chan_3,246,0.4259517317984449,0.0
chan_3,247,0.43100070685650804,0.0
chan_3,248,0.4317277592648687,0.0
chan_3,249,0.4361304655155003,0.0
chan_3,250,0.44614763203069785,0.0
chan_3,251,0.45852771887306876,0.0
chan_3,252,0.4682823386852464,0.0
chan_3,253,0.4417651216802989,0.0
chan_3,254,0.441845905281228,0.0
chan_3,255,0.44796526305160045,0.0
chan_3,256,0.4507119054831872,0.0
chan_3,257,0.4580026254670302,0.0
chan_3,258,0.4689689992931432,0.0
chan_3,259,0.47898616580834075,0.0
chan_3,260,0.4501464202766834,0.0
chan_3,261,0.4483489851560134,0.0
chan_3,262,0.45279208320710884,0.0
chan_3,263,0.45299404220943185,0.0
chan_3,264,0.4588104614763209,0.0
chan_3,265,0.4682217509845503,0.0
chan_3,266,0.47888518630717947,0.0
chan_3,267,0.4493183883671614,0.0
chan_3,268,0.4421286478844797,0.0
chan_3,269,0.4463495910330204,0.0
chan_3,270,0.4434615772998085,0.0
chan_3,271,0.4466929213369686,0.0
chan_3,272,0.4555589215389273,0.0
chan_3,273,0.466303140462486,0.0
chan_3,274,0.4469150762395233,0.0
chan_3,275,0.4319499141674239,0.0
chan_3,276,0.43592850651317816,0.0
chan_3,277,0.43190952236695956,0.0
chan_3,278,0.4337271533878626,0.0
chan_3,279,0.44144198727658246,0.0
chan_3,280,0.45085327678481235,0.0
chan_3,281,0.44148237907704724,0.0
chan_3,282,0.42340704836918075,0.0
chan_3,283,0.4268807432091286,0.0
chan_3,284,0.4254670301928707,0.0
chan_3,285,0.4279915177219027,0.0
chan_3,286,0.4346157729980811,0.0
chan_3,287,0.4451580329193172,0.0
chan_3,288,0.4245582146824196,0.0
chan_3,289,0.4120771483388874,0.0
chan_3,290,0.41666161769160803,0.0
chan_3,291,0.4138341916590931,0.0
chan_3,292,0.417368474199737,0.0
chan_3,293,0.4262546703019283,0.0
chan_3,294,0.43724124002827436,0.0
chan_3,295,0.4205998182368984,0.0
chan_3,296,0.402403312127638,0.0
chan_3,297,0.404402706250631,0.0
chan_3,298,0.40054528930627065,0.0
chan_3,299,0.401110774512774,0.0
chan_3,300,0.40993638291426837,0.0
chan_3,301,0.4217913763506007,0.0
chan_3,302,0.4322528526709082,0.0
chan_3,303,0.40201959002322507,0.0
chan_3,304,0.3962233666565691,0.0
chan_3,305,0.4005856811067354,0.0
chan_3,306,0.3994547106937292,0.0
chan_3,307,0.40555387256386943,0.0
chan_3,308,0.4151469251741893,0.0
chan_3,309,0.4255478137937998,0.0
chan_3,310,0.4373826113299,0.0
chan_3,311,0.40872462890033345,0.0
chan_3,312,0.4064828839745531,0.0
chan_3,313,0.41149146723215146,0.0
chan_3,314,0.41169342623447447,0.0
chan_3,315,0.4186004241139045,0.0
chan_3,316,0.4291426840351411,0.0
chan_3,317,0.44087650207007956,0.0
chan_3,318,0.4205594264364336,0.0
chan_3,319,0.41647985458951853,0.0
chan_3,320,0.4243764515803292,0.0
chan_3,321,0.42423508027870316,0.0
chan_3,322,0.4297485610421088,0.0
chan_3,323,0.43990709885893153,0.0
chan_3,324,0.4467333131374329,0.0
chan_3,325,0.4200949207310911,0.0
chan_3,326,0.4214076542461882,0.0
chan_3,327,0.42326567706755513,0.0
chan_3,328,0.4240533171766132,0.0
chan_3,329,0.43091992325557893,0.0
chan_3,330,0.4407149348682218,0.0
chan_3,331,0.44041199636473793,0.0
chan_3,332,0.4141573260628095,0.0
chan_3,333,0.41223871554074565,0.0
chan_3,334,0.4108250025244873,0.0
chan_3,335,0.4111885287286676,0.0
chan_3,336,0.41755023730182783,0.0
chan_3,337,0.4267191760072704,0.0
chan_3,338,0.4370392810259518,0.0
chan_3,339,0.41171362213470664,0.0
chan_3,340,0.4025244875290319,0.0
chan_3,341,0.40563465616479855,0.0
chan_3,342,0.4027062506311214,0.0
chan_3,343,0.40672523477734,0.0
chan_3,344,0.4165202463899824,0.0
chan_3,345,0.4264566293042513,0.0
chan_3,346,0.43697869332525485,0.0
chan_3,347,0.41120872462890024,0.0
chan_3,348,0.4064222962738566,0.0
chan_3,349,0.41072402302332645,0.0
chan_3,350,0.4092093305059068,0.0
chan_3,351,0.4143794809653638,0.0
chan_3,352,0.4245784105826522,0.0
chan_3,353,0.4357467434110873,0.0
chan_3,354,0.4294658184388571,0.0
chan_3,355,0.4156518226799961,0.0
chan_3,356,0.421892355851762,0.0
chan_3,357,0.4201555084317885,0.0
chan_3,358,0.4249015449863678,0.0
chan_3,359,0.4345349893971524,0.0
chan_3,360,0.4453599919216402,0.0
chan_3,361,0.4529940422094314,0.0
chan_3,362,0.4255478137937998,0.0
chan_3,363,0.42316469756639385,0.0
chan_3,364,0.4229829344643039,0.0
chan_3,365,0.42528526709078074,0.0
chan_3,366,0.4324346157729977,0.0
chan_3,367,0.443199030596789,0.0
chan_3,368,0.4536605069170956,0.0
chan_3,369,0.44689488033929115,0.0
chan_3,370,0.42724426941330895,0.0
chan_3,371,0.42916287993537283,0.0
chan_3,372,0.42950621023932145,0.0
chan_3,373,0.43237402807230163,0.0
chan_3,374,0.44095728567100867,0.0
chan_3,375,0.4522467939008381,0.0
chan_3,376,0.46327375542764804,0.0
chan_3,377,0.4606482883974552,0.0
chan_3,378,0.43936180955266124,1.0
chan_3,379,0.442875896193073,1.0
chan_3,380,0.4437645158032919,1.0
chan_3,381,0.44590528122791095,1.0
chan_3,382,0.45242855700292806,1.0
chan_3,383,0.46163788750883583,1.0
chan_3,384,0.4730081793395944,1.0
chan_3,385,0.48155104513783664,1.0
chan_3,386,0.48660002019590065,1.0
chan_3,387,0.658467131172372,1.0
chan_3,388,0.4891850954256287,1.0
chan_3,389,0.6197515904271436,1.0
chan_3,390,0.4654751085529636,1.0
chan_3,391,0.49100272644653087,1.0
chan_3,392,0.6224780369584972,1.0
chan_3,393,0.5240432192264968,1.0
chan_3,394,0.6653741290518029,1.0
chan_3,395,0.5284459254771283,1.0
chan_3,396,0.5071594466323339,1.0
chan_3,397,0.5787943047561344,1.0
chan_3,398,0.5649399171968086,1.0
chan_3,399,0.5287892557810765,1.0
chan_3,400,0.44170453397960197,1.0
chan_3,401,0.4087650207007978,1.0
chan_3,402,0.3951731798444915,1.0
chan_3,403,0.38848833686761575,1.0
chan_3,404,0.3969908108653941,1.0
chan_3,405,0.3758658992224575,0.0
chan_3,406,0.34724830859335487,0.0
chan_3,407,0.34708674139149753,0.0
chan_3,408,0.34070483691810516,0.0
chan_3,409,0.34015954761183487,0.0
chan_3,410,0.35001514692517377,0.0
chan_3,411,0.3400181763102088,0.0
chan_3,412,0.31160254468342874,0.0
chan_3,413,0.3090174694537011,0.0
chan_3,414,0.3082702211451074,0.0
chan_3,415,0.3130768454003836,0.0
chan_3,416,0.32250833080884567,0.0
chan_3,417,0.3331717661314748,0.0
chan_3,418,0.31465212561849887,0.0
chan_3,419,0.3003534282540645,0.0
chan_3,420,0.3091992325557906,0.0
chan_3,421,0.3123094011915577,0.0
chan_3,422,0.31604564273452507,0.0
chan_3,423,0.3267292739573864,0.0
chan_3,424,0.3400787640109053,0.0
chan_3,425,0.3479551651014843,0.0
chan_3,426,0.3198020801777237,0.0
chan_3,427,0.32317479551650985,0.0
chan_3,428,0.3288902352822376,0.0
chan_3,429,0.33294961122892053,0.0
chan_3,430,0.3416338483287893,0.0
chan_3,431,0.3563566595981018,1.0
chan_3,432,0.3693022316469756,1.0
chan_3,433,0.3560941128950823,1.0
chan_3,434,0.3492880945168131,1.0
chan_3,435,0.3610421084519846,1.0
chan_3,436,0.3621124911642939,1.0
chan_3,437,0.36813086943350504,1.0
chan_3,438,0.37812784004847,1.0
chan_3,439,0.39163889730384716,1.0
chan_3,440,0.36984752095324636,1.0
chan_3,441,0.3621528829647582,1.0
chan_3,442,0.3689790972432596,1.0
chan_3,443,0.5217610825002521,1.0
chan_3,444,0.5134201757043324,1.0
chan_3,445,0.6247601736847419,1.0
chan_3,446,0.5397758255074221,1.0
chan_3,447,0.5903463596889829,1.0
chan_3,448,0.4133898818539832,1.0
chan_3,449,0.4795516510148441,1.0
chan_3,450,0.5913157629001313,1.0
chan_3,451,0.5588205594264366,1.0
chan_3,452,0.682540644249217,1.0
chan_3,453,0.5213167726951431,1.0
chan_3,454,0.5285671008785218,1.0
chan_3,455,0.49603150560436227,1.0
chan_3,456,0.48342926385943663,1.0
chan_3,457,0.47573462587094806,1.0
chan_3,458,0.47781480359487016,0.0
chan_3,459,0.48522669898010706,0.0
chan_3,460,0.4946379884883365,0.0
chan_3,461,0.4650106028476215,0.0
chan_3,462,0.45658891245077227,0.0
chan_3,463,0.4618196506109258,0.0
chan_3,464,0.46004241139048707,0.0
chan_3,465,0.46854488538826633,0.0
chan_3,466,0.47827930930021223,0.0
chan_3,467,0.4577400787640107,0.0
chan_3,468,0.44317883469655683,0.0
chan_3,469,0.4487125113601942,0.0
chan_3,470,0.44729879834393627,0.0
chan_3,471,0.4523275775017672,0.0
chan_3,472,0.46212258911441007,0.0
chan_3,473,0.4659598101585374,0.0
chan_3,474,0.43459557709784935,0.0
chan_3,475,0.4341714631929712,0.0
chan_3,476,0.43457538119761674,0.0
chan_3,477,0.43742300313036475,0.0
chan_3,478,0.44746036554579405,0.0
chan_3,479,0.46030495809350747,0.0
chan_3,480,0.46886801979198234,0.0
chan_3,481,0.43528223770574526,0.0
chan_3,482,0.43487831970110014,0.0
chan_3,483,0.44126022417449295,0.0
chan_3,484,0.44338079369887895,0.0
chan_3,485,0.45190346359688993,0.0
chan_3,486,0.4651115823487837,0.0
chan_3,487,0.4797536100171662,0.0
chan_3,488,0.45212561849944466,0.0
chan_3,489,0.44614763203069785,0.0
chan_3,490,0.43887710794708656,0.0
chan_3,491,0.4425325658891244,0.0
chan_3,492,0.45891144097748127,0.0
chan_3,493,0.47238210643239453,0.0
chan_3,494,0.48635766939311287,0.0
chan_3,495,0.46478844794506724,0.0
chan_3,496,0.4607694637988491,0.0
chan_3,497,0.4702009492073107,0.0
chan_3,498,0.47070584671311755,0.0
chan_3,499,0.4756942340704833,0.0
chan_3,500,0.4843582752701203,0.0
chan_3,501,0.4819145713420179,0.0
chan_3,502,0.46119357770372593,0.0
chan_3,503,0.46662627486620156,0.0
chan_3,504,0.46598000605877,0.0
chan_3,505,0.4692921336968596,0.0
chan_3,506,0.47680500858325736,0.0
chan_3,507,0.4878117742098351,0.0
chan_3,508,0.4581439967686558,0.0
chan_3,509,0.4505705341815611,0.0
chan_3,510,0.45444814702615366,0.0
chan_3,511,0.45168130869433476,0.0
chan_3,512,0.4553771584368378,0.0
chan_3,513,0.4637988488336866,0.0
chan_3,514,0.471594466323336,0.0
chan_3,515,0.43271735837624936,0.0
chan_3,516,0.4285771988286373,0.0
chan_3,517,0.4298899323437344,0.0
chan_3,518,0.42682015550843166,0.0
chan_3,519,0.4310410986569724,0.0
chan_3,520,0.4398061193577698,0.0
chan_3,521,0.4502272038776125,0.0
chan_3,522,0.42304352216500085,0.0
chan_3,523,0.41021912551752004,0.0
chan_3,524,0.4136322326567705,0.0
chan_3,525,0.40963344441078453,0.0
chan_3,526,0.413248510552358,0.0
chan_3,527,0.42209431485408455,0.0
chan_3,528,0.4321518731697469,0.0
chan_3,529,0.4316065838634753,0.0
chan_3,530,0.40381702514389595,0.0
chan_3,531,0.40710895688175297,0.0
chan_3,532,0.40646268807432095,0.0
chan_3,533,0.40910835100474596,0.0
chan_3,534,0.41635867918812464,0.0
chan_3,535,0.42704231041098684,0.0
chan_3,536,0.432030697768353,0.0
chan_3,537,0.40373624154296683,0.0
chan_3,538,0.40809855599313316,0.0
chan_3,539,0.41017873371705527,0.0
chan_3,540,0.4134908613551449,0.0
chan_3,541,0.41787337170554384,0.0
chan_3,542,0.43199030596788823,0.0
chan_3,543,0.4351408664041201,0.0
chan_3,544,0.40345349893971516,0.0
chan_3,545,0.40462486115318574,0.0
chan_3,546,0.4061799454710693,0.0
chan_3,547,0.40787640109057843,0.0
chan_3,548,0.41579319398162173,0.0
chan_3,549,0.4275875997172571,0.0
chan_3,550,0.4291426840351411,0.0
chan_3,551,0.3975159042714327,0.0
chan_3,552,0.398141977178633,0.0
chan_3,553,0.39971725739674824,0.0
chan_3,554,0.4008280319095223,0.0
chan_3,555,0.40872462890033345,0.0
chan_3,556,0.41991315762900117,0.0
chan_3,557,0.4269009391093612,0.0
chan_3,558,0.3918004645057054,0.0
chan_3,559,0.38891245077249303,0.0
chan_3,560,0.39070988589316347,0.0
chan_3,561,0.39032616378875096,0.0
chan_3,562,0.39705139856609106,0.0
chan_3,563,0.40737150358477203,0.0
chan_3,564,0.41856003231343974,0.0
chan_3,565,0.38846814096738314,0.0
chan_3,566,0.38057154397657245,0.0
chan_3,567,0.3832172069069979,0.0
chan_3,568,0.3830556397051401,0.0
chan_3,569,0.38761991315762856,0.0
chan_3,570,0.3968898313642333,0.0
chan_3,571,0.40787640109057843,0.0
chan_3,572,0.37933959406240536,0.0
chan_3,573,0.3760274664243157,0.0
chan_3,574,0.37974351206705004,0.0
chan_3,575,0.3796829243663531,0.0
chan_3,576,0.38529738463092,0.0
chan_3,577,0.3957790568514592,0.0
chan_3,578,0.3948702413410077,0.0
chan_3,579,0.36693931131980184,0.0
chan_3,580,0.36817126123396937,0.0
chan_3,581,0.36627284661213766,0.0
chan_3,582,0.3687569423407049,0.0
chan_3,583,0.3772998081389476,0.0
chan_3,584,0.3880036352620415,0.0
chan_3,585,0.38800363526204196,0.0
chan_3,586,0.357023124305766,0.0
chan_3,587,0.35528627688579206,0.0
chan_3,588,0.3538725638695346,0.0
chan_3,589,0.35518529738463034,0.0
chan_3,590,0.3631626779763706,0.0
chan_3,591,0.3743310108048066,0.0
chan_3,592,0.38622639604160325,0.0
chan_3,593,0.3612844592547715,0.0
chan_3,594,0.34492578006664587,0.0
chan_3,595,0.34924770271634875,0.0
chan_3,596,0.34724830859335487,0.0
chan_3,597,0.35239826315258016,0.0
chan_3,598,0.36338483287892576,0.0
chan_3,599,0.37592648692315445,0.0
chan_3,600,0.38717560335251955,0.0
chan_3,601,0.35375138846814114,0.0
chan_3,602,0.3495910330202965,0.0
chan_3,603,0.35427648187417926,0.0
chan_3,604,0.35354942946581813,0.0
chan_3,605,0.36049681914571385,0.0
chan_3,606,0.37214985357972274,0.0
chan_3,607,0.3856407149348682,0.0
chan_3,608,0.361021912551752,0.0
chan_3,609,0.35518529738463034,0.0
chan_3,610,0.3629203271735837,0.0
chan_3,611,0.36237503786731295,0.0
chan_3,612,0.36936281934767257,0.0
chan_3,613,0.38204584469352687,0.0
chan_3,614,0.3954559224477432,0.0
chan_3,615,0.3634050287791575,0.0
chan_3,616,0.3550035342825404,0.0
chan_3,617,0.3605170150459456,0.0
chan_3,618,0.35855801272341736,0.0
chan_3,619,0.3600121175401392,0.0
chan_3,620,0.37534080581641893,0.0
chan_3,621,0.38949813187922855,0.0
chan_3,622,0.36112289205291326,0.0
chan_3,623,0.3506614157326067,0.0
chan_3,624,0.35665959810158565,0.0
chan_3,625,0.3540745228718567,0.0
chan_3,626,0.3603554478440878,0.0
chan_3,627,0.37255377158436875,0.0
chan_3,628,0.38658992224578403,0.0
chan_3,629,0.3763102090275674,0.0
chan_3,630,0.35239826315258016,0.0
chan_3,631,0.3574472382106433,0.0
chan_3,632,0.3566192063011209,0.0
chan_3,633,0.3609007371503581,0.0
chan_3,634,0.37158436837321984,0.0
chan_3,635,0.38426739371907503,0.0
chan_3,636,0.38675148944764226,0.0
chan_3,637,0.35482177118045,0.0
chan_3,638,0.361345046955468,0.0
chan_3,639,0.3628597394728872,0.0
chan_3,640,0.36714127032212485,1.0
chan_3,641,0.3763102090275674,1.0
chan_3,642,0.3900838129859636,1.0
chan_3,643,0.36702009492073095,1.0
chan_3,644,0.35659901040088826,1.0
chan_3,645,0.364313844289609,1.0
chan_3,646,0.36615167121074466,1.0
chan_3,647,0.3333939210340304,1.0
chan_3,648,0.33708977077653257,1.0
chan_3,649,0.419892961728769,1.0
chan_3,650,0.2529334545087343,1.0
chan_3,651,0.4969807129152777,1.0
chan_3,652,0.26179945471069344,1.0
chan_3,653,0.3388064222962739,1.0
chan_3,654,0.4541452085226698,1.0
chan_3,655,0.29007371503584745,1.0
chan_3,656,0.4202362920327176,1.0
chan_3,657,0.46183984651115795,1.0
chan_3,658,0.2971826719176005,1.0
chan_3,659,0.504715742704231,1.0
chan_3,660,0.37568413612036755,1.0
chan_3,661,0.3667171564172471,1.0
chan_3,662,0.4525699283045541,1.0
chan_3,663,0.39602140765424654,1.0
chan_3,664,0.34848025850752284,1.0
chan_3,665,0.3594870241341006,1.0
chan_3,666,0.3406038574169443,1.0
chan_3,667,0.3362617388670097,0.0
chan_3,668,0.3475714429970713,0.0
chan_3,669,0.3398566091083506,0.0
chan_3,670,0.3172372008482274,0.0
chan_3,671,0.3225689185095426,0.0
chan_3,672,0.321579319398162,0.0
chan_3,673,0.32836514187619903,0.0
chan_3,674,0.33870544279511217,0.0
chan_3,675,0.31826719176007234,0.0
chan_3,676,0.30112087246288954,0.0
chan_3,677,0.2971826719176005,0.0
chan_3,678,0.2912450772493185,0.0
chan_3,679,0.2951024941936784,0.0
chan_3,680,0.30614965162072094,0.0
chan_3,681,0.31852973846309185,0.0
chan_3,682,0.28500454407755216,0.0
chan_3,683,0.2792487125113601,0.0
chan_3,684,0.28391396546501024,0.0
chan_3,685,0.2853680702817325,0.0
chan_3,686,0.29411289508229777,0.0
chan_3,687,0.30754316873674625,0.0
chan_3,688,0.32196304150257493,0.0
chan_3,689,0.32670907805715377,0.0
chan_3,690,0.2930223164697563,0.0
chan_3,691,0.2928809451681307,0.0
chan_3,692,0.2936079975764918,1.0
chan_3,693,0.29479955569019456,1.0
chan_3,694,0.30413006159749534,1.0
chan_3,695,0.3182469958598402,1.0
chan_3,696,0.3321821670200946,1.0
chan_3,697,0.34022013531253137,1.0
chan_3,698,0.30820963344441044,1.0
chan_3,699,0.34161365242855624,1.0
chan_3,700,0.3026557608805409,1.0
chan_3,701,0.44754114914672316,1.0
chan_3,702,0.292275068161163,1.0
chan_3,703,0.2838533777643142,1.0
chan_3,704,0.4710491770170653,1.0
chan_3,705,0.3271735837624963,1.0
chan_3,706,0.5029385034837928,1.0
chan_3,707,0.3894375441785316,1.0
chan_3,708,0.2376249621326867,1.0
chan_3,709,0.5509037665353933,1.0
chan_3,710,0.36366757548217743,1.0
chan_3,711,0.3493082904170448,1.0
chan_3,712,0.5757447238210642,1.0
chan_3,713,0.4638392406341514,1.0
chan_3,714,0.44004847016055715,1.0
chan_3,715,0.5387862263960419,1.0
chan_3,716,0.39551651014844014,1.0
chan_3,717,0.3896395031808546,1.0
chan_3,718,0.36891850954256267,1.0
chan_3,719,0.3484398667070585,0.0
chan_3,720,0.3432899121478341,0.0
chan_3,721,0.34090679592042816,0.0
chan_3,722,0.35096435423609007,0.0
chan_3,723,0.3652226598000605,0.0
chan_3,724,0.36512168029889924,0.0
chan_3,725,0.33563566595980987,0.0
chan_3,726,0.33781682318489326,0.0
chan_3,727,0.334040189841462,0.0
chan_3,728,0.3373927092800155,0.0
chan_3,729,0.3460163586791887,0.0
chan_3,730,0.35770978491366234,0.0
chan_3,731,0.3247298798343934,0.0
chan_3,732,0.3244673331313743,0.0
chan_3,733,0.32569928304554185,0.0
chan_3,734,0.32806220337271563,0.0
chan_3,735,0.33735231747955163,0.0
chan_3,736,0.35268100575583183,0.0
chan_3,737,0.3270928001615676,0.0
chan_3,738,0.3244673331313743,0.0
chan_3,739,0.33426234474401717,0.0
chan_3,740,0.33624154296677755,0.0
chan_3,741,0.3443400989599108,0.0
chan_3,742,0.358436837322023,0.0
chan_3,743,0.3612642633545389,0.0
chan_3,744,0.3329092194284562,0.0
chan_3,745,0.3373725133797838,0.0
chan_3,746,0.33965465010602847,0.0
chan_3,747,0.3446632333636268,0.0
chan_3,748,0.3552660809855599,0.0
chan_3,749,0.3683934161365241,0.0
chan_3,750,0.38305563970513923,0.0
chan_3,751,0.3518327779460768,0.0
chan_3,752,0.3459557709784913,0.0
chan_3,753,0.3527012016560631,0.0
chan_3,754,0.353347470463496,0.0
chan_3,755,0.3616479854589514,0.0
chan_3,756,0.37326062809249727,0.0
chan_3,757,0.38616580834090675,0.0
chan_3,758,0.39844491568211593,0.0
chan_3,759,0.3813187922851662,0.0
chan_3,760,0.3634656164798544,0.0
chan_3,761,0.37059476926183965,0.0
chan_3,762,0.3707159446632331,0.0
chan_3,763,0.37562354841967105,0.0
chan_3,764,0.38624659194183586,0.0
chan_3,765,0.3995960819953548,0.0
chan_3,766,0.4105624558214682,0.0
chan_3,767,0.401110774512774,0.0
chan_3,768,0.3796021407654244,0.0
chan_3,769,0.3873169746541447,0.0
chan_3,770,0.38551953953347473,0.0
chan_3,771,0.38788245986064807,0.0
chan_3,772,0.3953549429465819,0.0
chan_3,773,0.40593759466828194,0.0
chan_3,774,0.409249722306372,0.0
chan_3,775,0.3811976168837723,0.0
chan_3,776,0.38658992224578403,0.0
chan_3,777,0.38735736645460905,0.0
chan_3,778,0.3896596990810868,0.0
chan_3,779,0.3926284964152278,0.0
chan_3,780,0.4084216903968496,0.0
chan_3,781,0.40244370392810236,0.0
chan_3,782,0.3732000403918003,0.0
chan_3,783,0.3739068968999293,0.0
chan_3,784,0.36912046854488567,0.0
chan_3,785,0.3693022316469752,0.0
chan_3,786,0.3755427648187415,0.0
chan_3,787,0.38616580834090675,0.0
chan_3,788,0.3654650106028474,0.0
chan_3,789,0.3406644451176408,0.0
chan_3,790,0.3403615066141574,0.0
chan_3,791,0.3342623447440167,0.0
chan_3,792,0.33553468645864903,0.0
chan_3,793,0.34341108754922756,0.0
chan_3,794,0.35417550237301754,0.0
chan_3,795,0.3527617893567605,0.0
chan_3,796,0.31663132384126014,0.0
chan_3,797,0.31327880440270617,0.0
chan_3,798,0.311380389780874,0.0
chan_3,799,0.31087549227506805,0.0
chan_3,800,0.31792386145612417,0.0
chan_3,801,0.3298798343936178,0.0
chan_3,802,0.3433101080480663,0.0
chan_3,803,0.31935777037261426,0.0
chan_3,804,0.30404927799656667,0.0
chan_3,805,0.30887609815207506,0.0
chan_3,806,0.3052408361102694,0.0
chan_3,807,0.3094819751590423,0.0
chan_3,808,0.32000403918004583,0.0
chan_3,809,0.33151570231243044,0.0
chan_3,810,0.34472382106432375,0.0
chan_3,811,0.3145713420175702,0.0
chan_3,812,0.3108956881753002,0.0
chan_3,813,0.31743915985054993,0.0
chan_3,814,0.3169746541452083,0.0
chan_3,815,0.32271028981116867,0.0
chan_3,816,0.33410077754215894,0.0
chan_3,817,0.34633949308290424,0.0
chan_3,818,0.3385034837927896,0.0
chan_3,819,0.3127537109966676,0.0
chan_3,820,0.31653034434009886,0.0
chan_3,821,0.3133595880036353,0.0
chan_3,822,0.3172775926486917,0.0
chan_3,823,0.3265677067555286,0.0
chan_3,824,0.3396344542057963,0.0
chan_3,825,0.3540947187720893,0.0
chan_3,826,0.3209532464909617,0.0
chan_3,827,0.31018883166717126,0.0
chan_3,828,0.31556094112895083,0.0
chan_3,829,0.31295566999899016,0.0
chan_3,830,0.31754013935171166,0.0
chan_3,831,0.328870039382005,0.0
chan_3,832,0.34266383924063426,0.0
chan_3,833,0.35502373018277256,0.0
chan_3,834,0.31550035342825433,0.0
chan_3,835,0.3076643441381397,0.0
chan_3,836,0.31261233969504154,0.0
chan_3,837,0.3094617792588106,0.0
chan_3,838,0.31451075431687414,0.0
chan_3,839,0.32545693224275496,0.0
chan_3,840,0.33848328789255744,0.0
chan_3,841,0.3449055841664146,0.0
chan_3,842,0.30653337372513345,0.0
chan_3,843,0.30645259012420434,0.0
chan_3,844,0.3090780571543972,0.0
chan_3,845,0.3077451277390688,0.0
chan_3,846,0.3109562758759967,0.0
chan_3,847,0.32254872260931045,0.0
chan_3,848,0.33664546097142267,0.0
chan_3,849,0.2990810865394322,0.0
chan_3,850,0.2928607492678985,0.0
chan_3,851,0.29887912753710966,0.0
chan_3,852,0.29734423911945873,0.0
chan_3,853,0.30299909118448953,0.0
chan_3,854,0.31436938301524764,0.0
chan_3,855,0.3299808138947795,0.0
chan_3,856,0.29964657174593556,0.0
chan_3,857,0.27825911339997944,0.0
chan_3,858,0.2821165303443398,0.0
chan_3,859,0.2757346258709479,0.0
chan_3,860,0.27801676259719255,0.0
chan_3,861,0.2882560840149444,0.0
chan_3,862,0.30156518226799944,0.0
chan_3,863,0.31162274058366135,0.0
chan_3,864,0.26495001514692484,0.0
chan_3,865,0.25549833383823106,0.0
chan_3,866,0.25834595577097863,0.0
chan_3,867,0.2545087347268504,0.0
chan_3,868,0.25986064828839694,0.0
chan_3,869,0.2719377966272849,0.0
chan_3,870,0.28585277188730673,0.0
chan_3,871,0.2947793597899624,0.0
chan_3,872,0.24960113097041292,0.0
chan_3,873,0.24241139048773075,0.0
chan_3,874,0.24473391901443975,0.0
chan_3,875,0.24420882560840118,1.0
chan_3,876,0.25271129960618,1.0
chan_3,877,0.2658992224578407,1.0
chan_3,878,0.27969302231646953,1.0
chan_3,879,0.2897101888316671,1.0
chan_3,880,0.24960113097041337,1.0
chan_3,881,0.24883368676158701,1.0
chan_3,882,0.252509340603857,1.0
chan_3,883,0.2508128849843483,1.0
chan_3,884,0.2637584570332221,1.0
chan_3,885,0.32287185701302645,1.0
chan_3,886,0.4217105927496716,1.0
chan_3,887,0.6288801373321213,1.0
chan_3,888,0.6210845198424724,1.0
chan_3,889,0.4874482480056548,1.0
chan_3,890,0.6188023831162277,1.0
chan_3,891,0.4973240432192263,1.0
chan_3,892,0.47537109966676727,1.0
chan_3,893,0.7017671412703224,1.0
chan_3,894,0.6050893668585275,1.0
chan_3,895,0.4625870948197517,1.0
chan_3,896,0.39178026860547277,1.0
chan_3,897,0.4627890538220747,1.0
chan_3,898,0.4169443602948597,1.0
chan_3,899,0.3482782995052003,1.0
chan_3,900,0.292275068161163,1.0
chan_3,901,0.20343330303948282,1.0
chan_3,902,0.2013531253155607,1.0
chan_3,903,0.1800666464707663,1.0
chan_3,904,0.17521963041502575,1.0
chan_3,905,0.17651216802988934,1.0
chan_3,906,0.188286377865293,1.0
chan_3,907,0.20551348076340448,1.0
chan_3,908,0.162334646066848,1.0
chan_3,909,0.15175199434514752,1.0
chan_3,910,0.1889528425729572,1.0
chan_3,911,0.35098455013632224,1.0
chan_3,912,0.32145814399676853,1.0
chan_3,913,0.36744420882560824,1.0
chan_3,914,0.41296576794910633,1.0
chan_3,915,0.3749368878117738,1.0
chan_3,916,0.25206503079874754,1.0
chan_3,917,0.42574977279612236,1.0
chan_3,918,0.4896697970312025,1.0
chan_3,919,0.41686357669393104,1.0
chan_3,920,0.25454912652731476,1.0
chan_3,921,0.36599010400888643,1.0
chan_3,922,0.32301322831465207,1.0
chan_3,923,0.2269009391093606,1.0
chan_3,924,0.24990406947389676,1.0
chan_3,925,0.23544380490760375,1.0
chan_3,926,0.24620821973139417,1.0
chan_3,927,0.23403009189134627,1.0
chan_3,928,0.23283853377764308,1.0
chan_3,929,0.19192163990709865,0.0
chan_3,930,0.19408260123194943,0.0
chan_3,931,0.19997980409976757,0.0
chan_3,932,0.2108855902251836,0.0
chan_3,933,0.2284762193274763,0.0
chan_3,934,0.24293648389376976,0.0
chan_3,935,0.24475411491467192,0.0
chan_3,936,0.2172472987983438,0.0
chan_3,937,0.22340704836918102,0.0
chan_3,938,0.22768857921841867,0.0
chan_3,939,0.23911945874987328,0.0
chan_3,940,0.25703322225588154,0.0
chan_3,941,0.27646167827930945,0.0
chan_3,942,0.295445824497627,0.0
chan_3,943,0.26450570534181583,0.0
chan_3,944,0.26272846612137757,0.0
chan_3,945,0.2762193274765221,0.0
chan_3,946,0.27922851661112746,0.0
chan_3,947,0.2887609815207517,0.0
chan_3,948,0.3023528223770571,0.0
chan_3,949,0.31871150156518224,0.0
chan_3,950,0.30742199333535236,0.0
chan_3,951,0.2931838836716141,0.0
chan_3,952,0.3058467131172371,0.0
chan_3,953,0.3063314147228109,0.0
chan_3,954,0.31382409370897735,0.0
chan_3,955,0.32567908714530924,0.0
chan_3,956,0.3414924770271628,0.0
chan_3,957,0.316227405836615,0.0
chan_3,958,0.3045339796021409,0.0
chan_3,959,0.31509643542360877,0.0
chan_3,960,0.31220842169039686,0.0
chan_3,961,0.32129657679491075,0.0
chan_3,962,0.33301019892961703,0.0
chan_3,963,0.34866202160961324,0.0
chan_3,964,0.32444713723114216,0.0
chan_3,965,0.30556397051398543,0.0
chan_3,966,0.31138038978087446,0.0
chan_3,967,0.3093204079571845,0.0
chan_3,968,0.31297586589922277,0.0
chan_3,969,0.32281126931232906,0.0
chan_3,970,0.3358780167625972,0.0
chan_3,971,0.3383419165909314,0.0
chan_3,972,0.2972836514187618,0.0
chan_3,973,0.2947591638897302,0.0
chan_3,974,0.29687973341411666,0.0
chan_3,975,0.2958901343027365,0.0
chan_3,976,0.30265576088054136,0.0
chan_3,977,0.31449055841664153,0.0
chan_3,978,0.3289104311824693,0.0
chan_3,979,0.2950217105927493,0.0
chan_3,980,0.27951125921437914,0.0
chan_3,981,0.2863778652933453,0.0
chan_3,982,0.28145006563667563,0.0
chan_3,983,0.28417651216802975,0.0
chan_3,984,0.2936483893769566,0.0
chan_3,985,0.30685650812884946,0.0
chan_3,986,0.28348985156013295,0.0
chan_3,987,0.2639200242350799,0.0
chan_3,988,0.27567403817025093,0.0
chan_3,989,0.273169746541452,0.0
chan_3,990,0.27726951428859925,0.0
chan_3,991,0.2877915783096028,0.0
chan_3,992,0.3034232050893664,0.0
chan_3,993,0.2702413410077753,0.0
chan_3,994,0.25553872563869495,0.0
chan_3,995,0.2631727759264866,0.0
chan_3,996,0.2597394728870035,0.0
chan_3,997,0.26438452994042194,0.0
chan_3,998,0.2754114914672319,0.0
chan_3,999,0.28771079470867367,0.0
chan_3,1000,0.2449762698172271,0.0
chan_3,1001,0.236897909724326,0.0
chan_3,1002,0.24119963647379583,0.0
chan_3,1003,0.23901847924871245,0.0
chan_3,1004,0.24459254771281413,0.0
chan_3,1005,0.25747753206099144,0.0
chan_3,1006,0.27046349591033003,0.0
chan_3,1007,0.22805210542259902,0.0
chan_3,1008,0.2198525699283045,0.0
chan_3,1009,0.22478036958497416,0.0
chan_3,1010,0.2236493991719679,0.0
chan_3,1011,0.23013228314652112,0.0
chan_3,1012,0.24083611026961504,0.0
chan_3,1013,0.2580228213672622,0.0
chan_3,1014,0.22391194587498742,0.0
chan_3,1015,0.21306674745026744,0.0
chan_3,1016,0.22011511663132355,0.0
chan_3,1017,0.21809552660809794,0.0
chan_3,1018,0.2242148843784708,0.0
chan_3,1019,0.2367161466222356,0.0
chan_3,1020,0.25073210138341917,0.0
chan_3,1021,0.23798848833686703,0.0
chan_3,1022,0.2189841462183173,0.0
chan_3,1023,0.22926385943653393,0.0
chan_3,1024,0.22688074320912888,0.0
chan_3,1025,0.23330303948298514,0.0
chan_3,1026,0.243865495304453,0.0
chan_3,1027,0.25842673937190774,0.0
chan_3,1028,0.22692113500959277,0.0
chan_3,1029,0.2230031303645359,0.0
chan_3,1030,0.23122286175906304,0.0
chan_3,1031,0.23138442896092082,0.0
chan_3,1032,0.2392810259517315,0.0
chan_3,1033,0.2529334545087343,0.0
chan_3,1034,0.26446531354135105,0.0
chan_3,1035,0.2236493991719679,0.0
chan_3,1036,0.21892355851762035,0.0
chan_3,1037,0.22261940826012294,0.0
chan_3,1038,0.2214884378471167,0.0
chan_3,1039,0.2293042512369987,0.0
chan_3,1040,0.24299707159446626,0.0
chan_3,1041,0.24186610118146,0.0
chan_3,1042,0.20684641017873373,0.0
chan_3,1043,0.20692719377966284,0.0
chan_3,1044,0.2066848429768755,0.0
chan_3,1045,0.2094314854084618,0.0
chan_3,1046,0.21950923962435587,0.0
chan_3,1047,0.23392911239018455,0.0
chan_3,1048,0.2441078461072399,0.0
chan_3,1049,0.20426133494900522,0.0
chan_3,1050,0.20187821872159928,0.0
chan_3,1051,0.20466525295365035,0.0
chan_3,1052,0.2051095627587598,0.0
chan_3,1053,0.21290518024840965,0.0
chan_3,1054,0.22467939008381244,0.0
chan_3,1055,0.23328284358275253,0.0
chan_3,1056,0.20123194991416726,0.0
chan_3,1057,0.2046854488538825,0.0
chan_3,1058,0.20739169948500447,1.0
chan_3,1059,0.21135009593052567,1.0
chan_3,1060,0.22213470665454915,1.0
chan_3,1061,0.23625164091689355,1.0
chan_3,1062,0.2466929213369684,1.0
chan_3,1063,0.20949207310915874,1.0
chan_3,1064,0.20747248308593358,1.0
chan_3,1065,0.2096334444107848,1.0
chan_3,1066,0.23421185499343622,1.0
chan_3,1067,0.3517923861456125,1.0
chan_3,1068,0.3267898616580833,1.0
chan_3,1069,0.5412501262243765,1.0
chan_3,1070,0.28817530041401573,1.0
chan_3,1071,0.3372917297788547,1.0
chan_3,1072,0.5081692416439463,1.0
chan_3,1073,0.40349389074017905,1.0
chan_3,1074,0.33284863172775925,1.0
chan_3,1075,0.5713824093708975,1.0
chan_3,1076,0.40411996364737934,1.0
chan_3,1077,0.3763102090275674,1.0
chan_3,1078,0.5539735433706956,1.0
chan_3,1079,0.4290013127335146,1.0
chan_3,1080,0.4107846107240225,1.0
chan_3,1081,0.4233868524689486,1.0
chan_3,1082,0.3698273250530142,1.0
chan_3,1083,0.346884782389175,1.0
chan_3,1084,0.3313339392103405,1.0
chan_3,1085,0.29754619812178085,0.0
chan_3,1086,0.2978693325254973,0.0
chan_3,1087,0.29681914571342016,0.0
chan_3,1088,0.2925376148641825,0.0
chan_3,1089,0.29788952842572947,0.0
chan_3,1090,0.3103503988690295,0.0
chan_3,1091,0.29467838028880067,0.0
chan_3,1092,0.26890841159244694,0.0
chan_3,1093,0.2718368171261236,0.0
chan_3,1094,0.2696354640008076,0.0
chan_3,1095,0.27464404725840685,0.0
chan_3,1096,0.28611531859032624,0.0
chan_3,1097,0.30081793395940615,0.0
chan_3,1098,0.2878521660102997,0.0
chan_3,1099,0.2650106028476218,0.0
chan_3,1100,0.26894880339291083,0.0
chan_3,1101,0.2670907805715439,0.0
chan_3,1102,0.2736544481470262,0.0
chan_3,1103,0.28548924568312684,0.0
chan_3,1104,0.3009593052610322,0.0
chan_3,1105,0.3167121074421888,0.0
chan_3,1106,0.28098555993133356,0.0
chan_3,1107,0.26955468039987895,0.0
chan_3,1108,0.2791679289104314,0.0
chan_3,1109,0.28019791982227593,0.0
chan_3,1110,0.28841765121680263,0.0
chan_3,1111,0.30239321417752185,1.0
chan_3,1112,0.3175603352519438,1.0
chan_3,1113,0.32462890033323166,1.0
chan_3,1114,0.29233565586185994,1.0
chan_3,1115,0.29895991113803877,1.0
chan_3,1116,0.30431182469958573,1.0
chan_3,1117,0.3724729879834392,1.0
chan_3,1118,0.37386650509946495,1.0
chan_3,1119,0.3921034030091892,1.0
chan_3,1120,0.5485004544077547,1.0
chan_3,1121,0.4036150661415734,1.0
chan_3,1122,0.4050893668585278,1.0
chan_3,1123,0.5647581540947191,1.0
chan_3,1124,0.444996465717459,1.0
chan_3,1125,0.5618499444612746,1.0
chan_3,1126,0.5755629607189738,1.0
chan_3,1127,0.42538624659194113,1.0
chan_3,1128,0.7235787135211558,1.0
chan_3,1129,0.555185297384631,1.0
chan_3,1130,0.4509744521862058,1.0
chan_3,1131,0.5997374532969806,1.0
chan_3,1132,0.5190952236695949,1.0
chan_3,1133,0.4708068262142784,1.0
chan_3,1134,0.4150863374734928,1.0
chan_3,1135,0.39884883368676194,1.0
chan_3,1136,0.39333535292335675,1.0
chan_3,1137,0.3898414621831763,1.0
chan_3,1138,0.39630415025749777,0.0
chan_3,1139,0.3961627789558717,0.0
chan_3,1140,0.3641118852872869,0.0
chan_3,1141,0.36704029082096357,0.0
chan_3,1142,0.3625971927698677,0.0
chan_3,1143,0.3648187417954154,0.0
chan_3,1144,0.3691204685448852,0.0
chan_3,1145,0.3436130465515501,0.0
chan_3,1146,0.314106836312229,0.0
chan_3,1147,0.3181662122589115,0.0
chan_3,1148,0.3109966676764615,0.0
chan_3,1149,0.31071392507320983,0.0
chan_3,1150,0.3230536201151164,0.0
chan_3,1151,0.3262041805513478,0.0
chan_3,1152,0.2851863071796421,0.0
chan_3,1153,0.282338685246895,0.0
chan_3,1154,0.2823992729475915,0.0
chan_3,1155,0.28639806119357747,0.0
chan_3,1156,0.29831364233060675,0.0
chan_3,1157,0.3118246995859839,0.0
chan_3,1158,0.32683025345854766,0.0
chan_3,1159,0.2906190043421182,0.0
chan_3,1160,0.2862162980914871,0.0
chan_3,1161,0.2904978289407252,0.0
chan_3,1162,0.2921942845602339,0.0
chan_3,1163,0.3026153690800766,0.0
chan_3,1164,0.3179238614561246,0.0
chan_3,1165,0.33185903261637906,0.0
chan_3,1166,0.34322932444713716,0.0
chan_3,1167,0.3102494193678682,0.0
chan_3,1168,0.31220842169039686,0.0
chan_3,1169,0.3157830960315051,0.0
chan_3,1170,0.31970110067656243,0.0
chan_3,1171,0.3295365040896696,0.0
chan_3,1172,0.34373422195294356,0.0
chan_3,1173,0.358699384025043,0.0
chan_3,1174,0.3439159850550335,0.0
chan_3,1175,0.33284863172775925,0.0
chan_3,1176,0.3454912652731492,0.0
chan_3,1177,0.34532969807129144,0.0
chan_3,1178,0.3530849237604765,0.0
chan_3,1179,0.36566696960517,0.0
chan_3,1180,0.380329193173786,0.0
chan_3,1181,0.3709784913662526,0.0
chan_3,1182,0.3446228415631625,0.0
chan_3,1183,0.3505200444309806,0.0
chan_3,1184,0.3509239624356253,0.0
chan_3,1185,0.3556901948904372,0.0
chan_3,1186,0.3667171564172471,0.0
chan_3,1187,0.3805311521761081,0.0
chan_3,1188,0.39422397253357566,0.0
chan_3,1189,0.3551247096839343,0.0
chan_3,1190,0.349409269918207,0.0
chan_3,1191,0.35643744319903004,0.0
chan_3,1192,0.3542360900737149,0.0
chan_3,1193,0.3607593658487329,0.0
chan_3,1194,0.3732606280924968,0.0
chan_3,1195,0.38824598606482885,0.0
chan_3,1196,0.39480965364031073,0.0
chan_3,1197,0.35102494193678657,0.0
chan_3,1198,0.3498131879228512,0.0
chan_3,1199,0.35447844087650227,0.0
chan_3,1200,0.3537917802686059,0.0
chan_3,1201,0.36144602645662927,0.0
chan_3,1202,0.375159042714329,0.0
chan_3,1203,0.388649904069474,0.0
chan_3,1204,0.3772190245380189,0.0
chan_3,1205,0.3487226093103102,0.0
chan_3,1206,0.3575886095122689,0.0
chan_3,1207,0.3557507825911337,0.0
chan_3,1208,0.3595072200343332,0.0
chan_3,1209,0.3682318489346659,0.0
chan_3,1210,0.3828132889023532,0.0
chan_3,1211,0.36352620418055137,0.0
chan_3,1212,0.34070483691810516,0.0
chan_3,1213,0.35427648187417926,0.0
chan_3,1214,0.3533676663637282,0.0
chan_3,1215,0.35811370291830746,1.0
chan_3,1216,0.3696859537513886,1.0
chan_3,1217,0.38509542562859744,1.0
chan_3,1218,0.34375441785317573,1.0
chan_3,1219,0.3345854791477332,1.0
chan_3,1220,0.34024033121276354,1.0
chan_3,1221,0.33733212157931947,1.0
chan_3,1222,0.3630818943754419,1.0
chan_3,1223,0.41433908916489903,1.0
chan_3,1224,0.3874583459557712,1.0
chan_3,1225,0.2467535090376649,1.0
chan_3,1226,0.3123497929920225,1.0
chan_3,1227,0.37473492880945125,1.0
chan_3,1228,0.3392305362011512,1.0
chan_3,1229,0.268201555084318,1.0
chan_3,1230,0.3791376350600828,1.0
chan_3,1231,0.4159143693830152,1.0
chan_3,1232,0.3326466727254367,1.0
chan_3,1233,0.20448348985155995,1.0
chan_3,1234,0.2686256689891948,1.0
chan_3,1235,0.3624760173684738,1.0
chan_3,1236,0.3683934161365241,1.0
chan_3,1237,0.3155407452287182,1.0
chan_3,1238,0.26313238412602225,1.0
chan_3,1239,0.27753206099161876,1.0
chan_3,1240,0.32129657679491075,1.0
chan_3,1241,0.34147228112693107,1.0
chan_3,1242,0.3380995657881445,1.0
chan_3,1243,0.3526810057558314,0.0
chan_3,1244,0.32608300514995436,0.0
chan_3,1245,0.31400585681106685,0.0
chan_3,1246,0.32109461779258774,0.0
chan_3,1247,0.31996364737958194,0.0
chan_3,1248,0.32788044027062524,0.0
chan_3,1249,0.337534080581642,0.0
chan_3,1250,0.310532161971119,0.0
chan_3,1251,0.303443400989599,0.0
chan_3,1252,0.3118045036857513,0.0
chan_3,1253,0.3091588407553263,0.0
chan_3,1254,0.3185903261637888,0.0
chan_3,1255,0.332565889124508,0.0
chan_3,1256,0.3221448046046653,0.0
chan_3,1257,0.2971826719176005,0.0
chan_3,1258,0.3045945673028374,0.0
chan_3,1259,0.3069978794304755,0.0
chan_3,1260,0.3125517519943446,0.0
chan_3,1261,0.32507321013834245,0.0
chan_3,1262,0.33896798949813167,0.0
chan_3,1263,0.34955064121983215,0.0
chan_3,1264,0.30663435322629473,0.0
chan_3,1265,0.2999293143491868,0.0
chan_3,1266,0.30616984752095355,0.0
chan_3,1267,0.3075027769362819,0.0
chan_3,1268,0.31687367464404703,0.0
chan_3,1269,0.332363930122185,0.0
chan_3,1270,0.34680399878824586,0.0
chan_3,1271,0.32941532868827617,0.0
chan_3,1272,0.3137837019085121,0.0
chan_3,1273,0.3249318388367155,0.0
chan_3,1274,0.3215995152983946,0.0
chan_3,1275,0.3291123901847923,0.0
chan_3,1276,0.34298697364435027,0.0
chan_3,1277,0.35835605372109436,0.0
chan_3,1278,0.3415126729273954,0.0
chan_3,1279,0.3269110370594768,0.0
chan_3,1280,0.3400181763102088,0.0
chan_3,1281,0.3409269918206608,0.0
chan_3,1282,0.3494294658184387,0.0
chan_3,1283,0.3613652428557006,0.0
chan_3,1284,0.3750176714127029,0.0
chan_3,1285,0.33353529233565604,0.0
chan_3,1286,0.3296778753912952,0.0
chan_3,1287,0.3375138846814094,0.0
chan_3,1288,0.3381197616883771,0.0
chan_3,1289,0.34680399878824586,0.0
chan_3,1290,0.361021912551752,0.0
chan_3,1291,0.3554882358881146,0.0
chan_3,1292,0.32594163384832875,0.0
chan_3,1293,0.3315762900131274,0.0
chan_3,1294,0.33377764313844294,0.0
chan_3,1295,0.33698879127537085,0.0
chan_3,1296,0.3486418257093806,0.0
chan_3,1297,0.36498030899727363,0.0
chan_3,1298,0.336685852771887,0.0
chan_3,1299,0.32230637180652355,0.0
chan_3,1300,0.32741593456528273,0.0
chan_3,1301,0.3300817933959408,0.0
chan_3,1302,0.3387256386953448,0.0
chan_3,1303,0.35247904675350883,0.0
chan_3,1304,0.36726244572351785,0.0
chan_3,1305,0.3372513379783908,0.0
chan_3,1306,0.3262041805513478,0.0
chan_3,1307,0.3378774108855902,0.0
chan_3,1308,0.337008987175603,0.0
chan_3,1309,0.3442593153589817,0.0
chan_3,1310,0.3564980308997274,0.0
chan_3,1311,0.360638190447339,0.0
chan_3,1312,0.3298596384933856,0.0
chan_3,1313,0.33921034030091857,0.0
chan_3,1314,0.3404826820155509,0.0
chan_3,1315,0.3468039987882463,0.0
chan_3,1316,0.3582752701201657,0.0
chan_3,1317,0.3741694436029488,0.0
chan_3,1318,0.3370695748763004,0.0
chan_3,1319,0.3302635564980303,0.0
chan_3,1320,0.33838230839139616,0.0
chan_3,1321,0.33775623548419675,0.0
chan_3,1322,0.34557204887407833,0.0
chan_3,1323,0.3582146824194683,0.0
chan_3,1324,0.3625568009694029,0.0
chan_3,1325,0.3242653741290513,0.0
chan_3,1326,0.323518125820458,0.0
chan_3,1327,0.3226295062102391,0.0
chan_3,1328,0.32788044027062524,0.0
chan_3,1329,0.3379783903867515,0.0
chan_3,1330,0.3512672927395739,0.0
chan_3,1331,0.354700595779057,0.0
chan_3,1332,0.31695445824497614,0.0
chan_3,1333,0.3177622942542664,0.0
chan_3,1334,0.3189740482682013,0.0
chan_3,1335,0.321902453801878,0.0
chan_3,1336,0.3312127638089466,0.0
chan_3,1337,0.3441987276582852,0.0
chan_3,1338,0.35738665050994634,0.0
chan_3,1339,0.3184893466626275,0.0
chan_3,1340,0.3161668181359185,0.0
chan_3,1341,0.32226598000605877,0.0
chan_3,1342,0.3215389275976972,0.0
chan_3,1343,0.3294961122892053,0.0
chan_3,1344,0.34137130162576934,0.0
chan_3,1345,0.34607694637988473,0.0
chan_3,1346,0.31657073614056275,1.0
chan_3,1347,0.32458850853276777,1.0
chan_3,1348,0.32483085933555467,1.0
chan_3,1349,0.32933454508734705,1.0
chan_3,1350,0.339331515702312,1.0
chan_3,1351,0.3516106230435221,1.0
chan_3,1352,0.32071089568817523,1.0
chan_3,1353,0.3118246995859839,1.0
chan_3,1354,0.3207108956881748,1.0
chan_3,1355,0.29855599313339365,1.0
chan_3,1356,0.23473694839947434,1.0
chan_3,1357,0.4250227203877608,1.0
chan_3,1358,0.4811471271331915,1.0
chan_3,1359,0.3129152781985258,1.0
chan_3,1360,0.490760375643744,1.0
chan_3,1361,0.609350701807533,1.0
chan_3,1362,0.5229324447137231,1.0
chan_3,1363,0.6301726749469858,1.0
chan_3,1364,0.591073412097344,1.0
chan_3,1365,0.5141876199131574,1.0
chan_3,1366,0.6051095627587602,1.0
chan_3,1367,0.5658891245077244,1.0
chan_3,1368,0.4073513076845394,1.0
chan_3,1369,0.5497929920226197,1.0
chan_3,1370,0.5083510047460367,1.0
chan_3,1371,0.3923457538119761,1.0
chan_3,1372,0.3821266282944564,1.0
chan_3,1373,0.35918408563061677,0.0
chan_3,1374,0.3636877713824096,0.0
chan_3,1375,0.36168837725941616,0.0
chan_3,1376,0.36980712915278113,0.0
chan_3,1377,0.38043017267494683,0.0
chan_3,1378,0.35219630415025716,0.0
chan_3,1379,0.34579420377663306,0.0
chan_3,1380,0.3514490558416643,0.0
chan_3,1381,0.3526608098555992,0.0
chan_3,1382,0.3615873977582549,0.0
chan_3,1383,0.373927092800161,0.0
chan_3,1384,0.33781682318489326,0.0
chan_3,1385,0.3414116934262341,0.0
chan_3,1386,0.3415126729273954,0.0
chan_3,1387,0.3414318893264663,0.0
chan_3,1388,0.3506614157326067,0.0
chan_3,1389,0.36677774411794406,0.0
chan_3,1390,0.32933454508734705,0.0
chan_3,1391,0.3266282944562251,0.0
chan_3,1392,0.3321215793193981,0.0
chan_3,1393,0.3336968595375138,0.0
chan_3,1394,0.3437948096536405,0.0
chan_3,1395,0.3590831061294555,0.0
chan_3,1396,0.37871352115520596,0.0
chan_3,1397,0.3357972331616681,0.0
chan_3,1398,0.3308492376047658,0.0
chan_3,1399,0.33710996667676474,0.0
chan_3,1400,0.33824093708977054,0.0
chan_3,1401,0.348177320004039,0.0
chan_3,1402,0.36247601736847423,0.0
chan_3,1403,0.38402504291628814,0.0
chan_3,1404,0.38642835504392625,0.0
chan_3,1405,0.3497324043219221,0.0
chan_3,1406,0.3537715843683733,0.0
chan_3,1407,0.35623548419670836,0.0
chan_3,1408,0.3593052610320102,0.0
chan_3,1409,0.36910027264465306,0.0
chan_3,1410,0.3826315258002624,0.0
chan_3,1411,0.3964455215591234,0.0
chan_3,1412,0.3760678582247805,0.0
chan_3,1413,0.3636271836817122,0.0
chan_3,1414,0.376774714732909,0.0
chan_3,1415,0.3759062910229223,0.0
chan_3,1416,0.38202564879329515,0.0
chan_3,1417,0.3921841866101179,0.0
chan_3,1418,0.4072099363829138,0.0
chan_3,1419,0.38141977178632747,0.0
chan_3,1420,0.37045339796021404,0.0
chan_3,1421,0.3793799858628697,0.0
chan_3,1422,0.3739270928001619,0.0
chan_3,1423,0.38216702009492076,0.0
chan_3,1424,0.3931535898212659,0.0
chan_3,1425,0.4051499545592243,1.0
chan_3,1426,0.3671008785216596,1.0
chan_3,1427,0.36029486014339085,1.0
chan_3,1428,0.3656063819044735,1.0
chan_3,1429,0.36380894678380304,1.0
chan_3,1430,0.36916086034534956,1.0
chan_3,1431,0.38483287892557794,1.0
chan_3,1432,0.4089265879026551,1.0
chan_3,1433,0.2682621427850145,1.0
chan_3,1434,0.3392911239018481,1.0
chan_3,1435,0.4344945975966876,1.0
chan_3,1436,0.38707462385135827,1.0
chan_3,1437,0.3547207916792887,1.0
chan_3,1438,0.5279410279713224,1.0
chan_3,1439,0.5294759163889733,1.0
chan_3,1440,0.40545289306270815,1.0
chan_3,1441,0.5256790871453094,1.0
chan_3,1442,0.5278602443703928,1.0
chan_3,1443,0.5400989599111377,1.0
chan_3,1444,0.3849540543269714,1.0
chan_3,1445,0.3985660910835094,1.0
chan_3,1446,0.4503079874785416,1.0
chan_3,1447,0.43881652024639006,1.0
chan_3,1448,0.391941835807331,1.0
chan_3,1449,0.33474704634959096,1.0
chan_3,1450,0.37210946177925885,1.0
chan_3,1451,0.3378774108855902,1.0
chan_3,1452,0.33224275472079157,0.0
chan_3,1453,0.3291123901847923,0.0
chan_3,1454,0.332363930122185,0.0
chan_3,1455,0.3381803493890736,0.0
chan_3,1456,0.3404624861153187,0.0
chan_3,1457,0.31190548318691347,0.0
chan_3,1458,0.31386448550944124,0.0
chan_3,1459,0.31529839442593177,0.0
chan_3,1460,0.32313440371604596,0.0
chan_3,1461,0.33500959305261,0.0
chan_3,1462,0.34347167524992406,0.0
chan_3,1463,0.30837120064626866,0.0
chan_3,1464,0.30257497727961224,0.0
chan_3,1465,0.3058467131172371,0.0
chan_3,1466,0.3078259113399979,0.0
chan_3,1467,0.31828738766030495,0.0
chan_3,1468,0.33242451782288196,0.0
chan_3,1469,0.3461981217812782,0.0
chan_3,1470,0.34995455922447727,0.0
chan_3,1471,0.3178026860547307,0.0
chan_3,1472,0.3189134605675048,0.0
chan_3,1473,0.321579319398162,0.0
chan_3,1474,0.32600222154902525,0.0
chan_3,1475,0.3369685953751391,0.0
chan_3,1476,0.351348076340503,0.0
chan_3,1477,0.36487932949611235,0.0
chan_3,1478,0.36187014036150655,0.0
chan_3,1479,0.34159345652832496,0.0
chan_3,1480,0.3505200444309806,0.0
chan_3,1481,0.35163081894375425,0.0
chan_3,1482,0.3582550742199331,0.0
chan_3,1483,0.3699081086539433,0.0
chan_3,1484,0.3837019085125717,0.0
chan_3,1485,0.39733414116934274,0.0
chan_3,1486,0.3708775118650913,0.0
chan_3,1487,0.3672018580228218,0.0
chan_3,1488,0.37507825911339987,0.0
chan_3,1489,0.37511865091386465,0.0
chan_3,1490,0.3815813389881857,0.0
chan_3,1491,0.39337574472382153,0.0
chan_3,1492,0.4054730889629403,0.0
chan_3,1493,0.40646268807432095,0.0
chan_3,1494,0.3760072705240831,0.0
chan_3,1495,0.37810764414823783,0.0
chan_3,1496,0.3792386145612441,0.0
chan_3,1497,0.3807936988791276,0.0
chan_3,1498,0.38842774916691925,0.0
chan_3,1499,0.39640512975865905,0.0
chan_3,1500,0.40985559931333926,0.0
chan_3,1501,0.38913460567504776,0.0
chan_3,1502,0.37095829546602,0.0
chan_3,1503,0.37622942542663873,0.0
chan_3,1504,0.37348278299505155,0.0
chan_3,1505,0.3764717762294252,0.0
chan_3,1506,0.38622639604160325,0.0
chan_3,1507,0.399111380389781,0.0
chan_3,1508,0.4071897404826825,0.0
chan_3,1509,0.3690800767444209,0.0
chan_3,1510,0.36469756639402195,0.0
chan_3,1511,0.36774714732909164,0.0
chan_3,1512,0.3677269514288599,0.0
chan_3,1513,0.37655255983035385,0.0
chan_3,1514,0.38764010905786117,0.0
chan_3,1515,0.40068666060789626,0.0
chan_3,1516,0.3772594163384828,0.0
chan_3,1517,0.36393012218519605,0.0
chan_3,1518,0.3736241542966776,0.0
chan_3,1519,0.37107947086741344,0.0
chan_3,1520,0.37588609512268967,0.0
chan_3,1521,0.3861052206402098,0.0
chan_3,1522,0.3970917903665554,0.0
chan_3,1523,0.363344441078461,0.0
chan_3,1524,0.3636877713824096,0.0
chan_3,1525,0.367868322730486,0.0
chan_3,1526,0.36881753004140183,0.0
chan_3,1527,0.37532060991618676,0.0
chan_3,1528,0.3871957992527517,0.0
chan_3,1529,0.3718671109764715,0.0
chan_3,1530,0.3504796526305163,0.0
chan_3,1531,0.3540139351711602,0.0
chan_3,1532,0.35049984853074845,0.0
chan_3,1533,0.3530445319600122,0.0
chan_3,1534,0.36215288296475867,0.0
chan_3,1535,0.36025446834292607,0.0
chan_3,1536,0.33337372513379737,0.0
chan_3,1537,0.33224275472079157,0.0
chan_3,1538,0.3311521761082501,0.0
chan_3,1539,0.3331717661314748,0.0
chan_3,1540,0.34066444511764127,0.0
chan_3,1541,0.3521357164495611,0.0
chan_3,1542,0.3357972331616681,0.0
chan_3,1543,0.3182469958598406,0.0
chan_3,1544,0.3211148136928199,0.0
chan_3,1545,0.31782288195496333,0.0
chan_3,1546,0.32295264061395557,0.0
chan_3,1547,0.3340603857416946,0.0
chan_3,1548,0.3431283449459759,0.0
chan_3,1549,0.34389578915480135,0.0
chan_3,1550,0.31644956073916974,0.0
chan_3,1551,0.31907502776936303,0.0
chan_3,1552,0.31786327375542767,0.0
chan_3,1553,0.319903059678885,0.0
chan_3,1554,0.327718873068767,0.0
chan_3,1555,0.3389275976976669,1.0
chan_3,1556,0.32584065434716747,1.0
chan_3,1557,0.3154801575280217,1.0
chan_3,1558,0.3231747955165103,1.0
chan_3,1559,0.3215995152983946,1.0
chan_3,1560,0.3264061395536708,1.0
chan_3,1561,0.33642330606886794,1.0
chan_3,1562,0.3471069372917297,1.0
chan_3,1563,0.37703726143592853,1.0
chan_3,1564,0.3390891648995251,1.0
chan_3,1565,0.2742401292537613,1.0
chan_3,1566,0.3646571745935572,1.0
chan_3,1567,0.4367363425224675,1.0
chan_3,1568,0.3016661617691607,1.0
chan_3,1569,0.43639301221851934,1.0
chan_3,1570,0.3969302231646976,1.0
chan_3,1571,0.3021306674745028,1.0
chan_3,1572,0.2029082096334447,1.0
chan_3,1573,0.2414621831768149,1.0
chan_3,1574,0.3057457336160758,1.0
chan_3,1575,0.2370190851257199,1.0
chan_3,1576,0.1275573058669086,1.0
chan_3,1577,0.1765929516308189,1.0
chan_3,1578,0.21456124406745358,1.0
chan_3,1579,0.15203473694839964,1.0
chan_3,1580,0.1515298394425928,1.0
chan_3,1581,0.1607795617489649,1.0
chan_3,1582,0.17962233666565686,1.0
chan_3,1583,0.13704937897606806,1.0
chan_3,1584,0.12279107341209716,1.0
chan_3,1585,0.12392204382510341,1.0
chan_3,1586,0.13208118751893316,1.0
chan_3,1587,0.15324649096233456,1.0
chan_3,1588,0.17471473290921935,1.0
chan_3,1589,0.14116934262344705,1.0
chan_3,1590,0.1364636978693321,1.0
chan_3,1591,0.1463798848833684,1.0
chan_3,1592,0.47333131374330994,1.0
chan_3,1593,0.36851459153791755,1.0
chan_3,1594,0.32410380692719354,1.0
chan_3,1595,0.42445723518125833,1.0
chan_3,1596,0.4148237907704737,1.0
chan_3,1597,0.29764717762294257,1.0
chan_3,1598,0.37816823184893433,1.0
chan_3,1599,0.454488538826618,1.0
chan_3,1600,0.41175401393517097,1.0
chan_3,1601,0.3502776936281933,1.0
chan_3,1602,0.3978996263758452,1.0
chan_3,1603,0.3522165000504893,1.0
chan_3,1604,0.3098455013632231,1.0
chan_3,1605,0.3364233060688675,1.0
chan_3,1606,0.33698879127537085,1.0
chan_3,1607,0.31745935575078255,1.0
chan_3,1608,0.284338079369888,1.0
chan_3,1609,0.28181359184085597,1.0
chan_3,1610,0.2903564576390991,1.0
chan_3,1611,0.2987175603352519,1.0
chan_3,1612,0.31170352418459046,1.0
chan_3,1613,0.30305967888518603,1.0
chan_3,1614,0.314409774815712,1.0
chan_3,1615,0.4725638695344845,1.0
chan_3,1616,0.39909118448954883,1.0
chan_3,1617,0.39004342118549884,1.0
chan_3,1618,0.5608401494496613,1.0
chan_3,1619,0.49037665353933146,1.0
chan_3,1620,0.4163182873876603,1.0
chan_3,1621,0.44958093507018093,1.0
chan_3,1622,0.4974654145208519,1.0
chan_3,1623,0.4684641017873372,1.0
chan_3,1624,0.40327173583762477,1.0
chan_3,1625,0.39489043724123984,1.0
chan_3,1626,0.41110774512773895,1.0
chan_3,1627,0.3826315258002624,1.0
chan_3,1628,0.3404624861153187,1.0
chan_3,1629,0.3806927193779659,1.0
chan_3,1630,0.39606179945471087,1.0
chan_3,1631,0.3684943956376854,1.0
chan_3,1632,0.3438352014541044,1.0
chan_3,1633,0.35502373018277256,1.0
chan_3,1634,0.379804099767747,1.0
chan_3,1635,0.3962031707563365,0.0
chan_3,1636,0.4085630616984752,0.0
chan_3,1637,0.3800262546703017,0.0
chan_3,1638,0.37269514288599437,0.0
chan_3,1639,0.37641118852872824,0.0
chan_3,1640,0.37515904271432854,0.0
chan_3,1641,0.38293446430374667,0.0
chan_3,1642,0.39680904776330417,0.0
chan_3,1643,0.3646773704937898,0.0
chan_3,1644,0.3588205594264364,0.0
chan_3,1645,0.366959507220034,0.0
chan_3,1646,0.36920125214581434,0.0
chan_3,1647,0.37816823184893433,0.0
chan_3,1648,0.38804402706250585,0.0
chan_3,1649,0.3651014843986671,0.0
chan_3,1650,0.35278198525699267,0.0
chan_3,1651,0.36352620418055137,0.0
chan_3,1652,0.36627284661213766,0.0
chan_3,1653,0.37501767141270337,0.0
chan_3,1654,0.3892759769766734,0.0
chan_3,1655,0.40521054225992126,0.0
chan_3,1656,0.3767949106331412,0.0
chan_3,1657,0.3690598808441883,0.0
chan_3,1658,0.379480965364031,0.0
chan_3,1659,0.38125820458446924,0.0
chan_3,1660,0.3898010703827124,1.0
chan_3,1661,0.40363526204180555,1.0
chan_3,1662,0.41924669292133654,1.0
chan_3,1663,0.40264566293042536,1.0
chan_3,1664,0.39016459658689273,1.0
chan_3,1665,0.40161567201857995,1.0
chan_3,1666,0.40068666060789626,1.0
chan_3,1667,0.4871251136019392,1.0
chan_3,1668,0.4493789760678579,1.0
chan_3,1669,0.39775825507422,1.0
chan_3,1670,0.5485004544077552,1.0
chan_3,1671,0.5363223265677064,1.0
chan_3,1672,0.46048672119559697,1.0
chan_3,1673,0.5747147329092197,1.0
chan_3,1674,0.5930324144198726,1.0
chan_3,1675,0.48704433000100966,1.0
chan_3,1676,0.552095324649096,1.0
chan_3,1677,0.5853377764313845,1.0
chan_3,1678,0.5129960617994551,1.0
chan_3,1679,0.40446329395132796,1.0
chan_3,1680,0.4495607391699483,1.0
chan_3,1681,0.45578107644148247,1.0
chan_3,1682,0.4052307381601534,1.0
chan_3,1683,0.38782187215995156,1.0
chan_3,1684,0.4004241139048772,1.0
chan_3,1685,0.40809855599313316,1.0
chan_3,1686,0.40769463798848804,1.0
chan_3,1687,0.40438251035039885,0.0
chan_3,1688,0.36817126123396937,0.0
chan_3,1689,0.3628395435726546,0.0
chan_3,1690,0.36768655962839514,0.0
chan_3,1691,0.37021104715742714,0.0
chan_3,1692,0.3777845097445218,0.0
chan_3,1693,0.37859234575381207,0.0
chan_3,1694,0.3535898212662829,0.0
chan_3,1695,0.3595880036352619,0.0
chan_3,1696,0.35181258204584465,0.0
chan_3,1697,0.3586589922245782,0.0
chan_3,1698,0.36952438654953035,0.0
chan_3,1699,0.3397960214076541,0.0
chan_3,1700,0.33527213975562953,0.0
chan_3,1701,0.33921034030091857,0.0
chan_3,1702,0.33818034938907404,0.0
chan_3,1703,0.3461981217812782,0.0
chan_3,1704,0.3530849237604765,0.0
chan_3,1705,0.32468948803392905,0.0
chan_3,1706,0.32808239927294736,0.0
chan_3,1707,0.3305664950015146,0.0
chan_3,1708,0.3366252650711905,0.0
chan_3,1709,0.3464202766838329,0.0
chan_3,1710,0.35585176209229497,0.0
chan_3,1711,0.32293244471372295,0.0
chan_3,1712,0.32339695041906413,0.0
chan_3,1713,0.32640613955367037,0.0
chan_3,1714,0.3305462991012824,0.0
chan_3,1715,0.3415126729273954,0.0
chan_3,1716,0.3561143087953149,0.0
chan_3,1717,0.36750479652630474,0.0
chan_3,1718,0.3316368777138239,0.0
chan_3,1719,0.3270928001615676,0.0
chan_3,1720,0.33725133797839035,0.0
chan_3,1721,0.34159345652832496,0.0
chan_3,1722,0.3521559123497928,0.0
chan_3,1723,0.36580834090679604,0.0
chan_3,1724,0.38087448248005673,0.0
chan_3,1725,0.362960718974048,0.0
chan_3,1726,0.34684439058871064,0.0
chan_3,1727,0.3580127234171466,0.0
chan_3,1728,0.35793193981621707,0.0
chan_3,1729,0.36477834999495107,0.0
chan_3,1730,0.3774411794405732,0.0
chan_3,1731,0.3923255579117435,0.0
chan_3,1732,0.3736645460971424,0.0
chan_3,1733,0.36378875088357043,0.0
chan_3,1734,0.3764111885287287,0.0
chan_3,1735,0.3763909926284965,0.0
chan_3,1736,0.38360092901141085,0.0
chan_3,1737,0.39608199535494304,0.0
chan_3,1738,0.4091891346056751,0.0
chan_3,1739,0.3724729879834392,0.0
chan_3,1740,0.3732000403917999,0.0
chan_3,1741,0.3799454710693726,0.0
chan_3,1742,0.3798040997677474,0.0
chan_3,1743,0.3876805008583255,0.0
chan_3,1744,0.3995758860951226,0.0
chan_3,1745,0.3921841866101179,0.0
chan_3,1746,0.3634050287791575,0.0
chan_3,1747,0.3616479854589514,0.0
chan_3,1748,0.36382914268403477,0.0
chan_3,1749,0.36940321114813734,0.0
chan_3,1750,0.37893567605776024,0.0
chan_3,1751,0.3919014440068662,0.0
chan_3,1752,0.3680298899323433,0.0
chan_3,1753,0.35114611733818046,0.0
chan_3,1754,0.35793193981621707,0.0
chan_3,1755,0.3547207916792887,0.0
chan_3,1756,0.3605776027466421,0.0
chan_3,1757,0.37172573967484546,0.0
chan_3,1758,0.38654953044531926,0.0
chan_3,1759,0.3510047460365544,0.0
chan_3,1760,0.34541048167222055,0.0
chan_3,1761,0.35213571644956065,0.0
chan_3,1762,0.3512874886398061,0.0
chan_3,1763,0.35869938402504253,0.0
chan_3,1764,0.3713824093708977,0.0
chan_3,1765,0.37303847318994254,0.0
chan_3,1766,0.34333030394829844,0.0
chan_3,1767,0.34938907401797437,0.0
chan_3,1768,0.34831869130566506,0.0
chan_3,1769,0.352499242653741,0.0
chan_3,1770,0.3571039079066951,0.0
chan_3,1771,0.3699081086539433,0.0
chan_3,1772,0.3396142583055637,0.0
chan_3,1773,0.33725133797839035,0.0
chan_3,1774,0.3440977481571239,0.0
chan_3,1775,0.34561244067454266,0.0
chan_3,1776,0.3537311925679085,0.0
chan_3,1777,0.36720185802282135,0.0
chan_3,1778,0.3726345551852974,0.0
chan_3,1779,0.33813995758860926,0.0
chan_3,1780,0.3404826820155509,0.0
chan_3,1781,0.3429263859436533,0.0
chan_3,1782,0.34642027668383246,0.0
chan_3,1783,0.35643744319903004,0.0
chan_3,1784,0.37017065535696236,0.0
chan_3,1785,0.37699686963546375,0.0
chan_3,1786,0.3419367868322727,0.0
chan_3,1787,0.3436130465515501,0.0
chan_3,1788,0.34716752499242665,0.0
chan_3,1789,0.3498939715237803,0.0
chan_3,1790,0.359345652832475,0.0
chan_3,1791,0.3726345551852974,0.0
chan_3,1792,0.38610522064020936,0.0
chan_3,1793,0.3520145410481672,0.0
chan_3,1794,0.3490659396142579,0.0
chan_3,1795,0.3573664546097137,0.0
chan_3,1796,0.3569827325053012,0.0
chan_3,1797,0.36023427244269346,0.0
chan_3,1798,0.37578511562152883,0.0
chan_3,1799,0.388649904069474,0.0
chan_3,1800,0.35579117439159846,0.0
chan_3,1801,0.3589417348278299,0.0
chan_3,1802,0.36393012218519605,0.0
chan_3,1803,0.36613147531051204,0.0
chan_3,1804,0.3741088559022514,0.0
chan_3,1805,0.3877006967585581,0.0
chan_3,1806,0.3680298899323433,0.0
chan_3,1807,0.35476118347975394,0.0
chan_3,1808,0.36302130667474497,0.0
chan_3,1809,0.3606179945471064,0.0
chan_3,1810,0.36584873270726037,0.0
chan_3,1811,0.3764717762294252,0.0
chan_3,1812,0.38253054629910155,0.0
chan_3,1813,0.3470261536908006,0.0
chan_3,1814,0.34761183479753566,0.0
chan_3,1815,0.34971220842168993,0.0
chan_3,1816,0.3517519943451477,0.0
chan_3,1817,0.3600121175401396,0.0
chan_3,1818,0.37273553468645826,0.0
chan_3,1819,0.3463596889831364,0.0
chan_3,1820,0.334040189841462,0.0
chan_3,1821,0.33973543370695714,0.0
chan_3,1822,0.33230334242148807,0.0
chan_3,1823,0.3417752196304149,0.0
chan_3,1824,0.3544178531758053,0.0
chan_3,1825,0.3662930425123698,0.0
chan_3,1826,0.3306876704029076,0.0
chan_3,1827,0.3290114106836315,0.0
chan_3,1828,0.33292941532868836,0.0
chan_3,1829,0.33418156114308806,0.0
chan_3,1830,0.34199737453296963,0.0
chan_3,1831,0.35556901948904374,0.0
chan_3,1832,0.3404422902150861,0.0
chan_3,1833,0.33018277289710163,0.0
chan_3,1834,0.3399777845097445,0.0
chan_3,1835,0.33888720589720256,0.0
chan_3,1836,0.34526911037059493,0.0
chan_3,1837,0.3574068464101785,0.0
chan_3,1838,0.3438755932545692,0.0
chan_3,1839,0.33066747450267586,0.0
chan_3,1840,0.338564071493487,0.0
chan_3,1841,0.3365444814702614,0.0
chan_3,1842,0.34294658184388593,0.0
chan_3,1843,0.35431687367464404,0.0
chan_3,1844,0.34328991214783366,0.0
chan_3,1845,0.3249116429364838,0.0
chan_3,1846,0.3284661213773603,0.0
chan_3,1847,0.3262243764515804,0.0
chan_3,1848,0.3305462991012824,0.0
chan_3,1849,0.3289508229829341,0.0
chan_3,1850,0.3390891648995251,0.0
chan_3,1851,0.31386448550944124,0.0
chan_3,1852,0.30942138745834624,0.0
chan_3,1853,0.3143289912147833,0.0
chan_3,1854,0.31400585681106685,0.0
chan_3,1855,0.3216399070988585,0.0
chan_3,1856,0.3327274563263658,0.0
chan_3,1857,0.34407755225689174,0.0
chan_3,1858,0.34722811269312315,0.0
chan_3,1859,0.3147329092194284,0.0
chan_3,1860,0.31564172472987995,0.0
chan_3,1861,0.31663132384126014,0.0
chan_3,1862,0.3193173785721495,0.0
chan_3,1863,0.3287892557810763,0.0
chan_3,1864,0.3411289508229829,0.0
chan_3,1865,0.3539129556699985,0.0
chan_3,1866,0.3353731192567908,0.0
chan_3,1867,0.32311420781581335,0.0
chan_3,1868,0.3321821670200946,0.0
chan_3,1869,0.32901141068363104,0.0
chan_3,1870,0.33440371604564234,0.0
chan_3,1871,0.3451075431687367,0.0
chan_3,1872,0.3582550742199331,0.0
chan_3,1873,0.34436029486014386,0.0
chan_3,1874,0.3291325860850245,0.0
chan_3,1875,0.3394728870039381,0.0
chan_3,1876,0.332040795718469,0.0
chan_3,1877,0.3423407048369178,0.0
chan_3,1878,0.356174896496011,0.0
chan_3,1879,0.3720084822780976,0.0
chan_3,1880,0.3522568918509541,0.0
chan_3,1881,0.33561547005957726,0.0
chan_3,1882,0.3437948096536396,0.0
chan_3,1883,0.34189639503180835,0.0
chan_3,1884,0.34755124709683916,0.0
chan_3,1885,0.35938604463293977,0.0
chan_3,1886,0.37356356659598067,0.0
chan_3,1887,0.37176613147531024,0.0
chan_3,1888,0.3385034837927896,0.0
chan_3,1889,0.34076542461880255,0.0
chan_3,1890,0.3426234474401695,0.0
chan_3,1891,0.3456730283752396,0.0
chan_3,1892,0.3503988690295867,0.0
chan_3,1893,0.3679894981318794,0.0
chan_3,1894,0.3660102999091186,0.0
chan_3,1895,0.3349288094516809,0.0
chan_3,1896,0.33943249520347374,0.0
chan_3,1897,0.34100777542158944,0.0
chan_3,1898,0.34466323336362725,0.0
chan_3,1899,0.3558315661920628,0.0
chan_3,1900,0.37107947086741344,0.0
chan_3,1901,0.3474300716954457,0.0
chan_3,1902,0.33636271836817144,0.0
chan_3,1903,0.34526911037059493,0.0
chan_3,1904,0.34333030394829844,0.0
chan_3,1905,0.3491669191154192,0.0
chan_3,1906,0.3610623043522163,0.0
chan_3,1907,0.34585479147733,0.0
chan_3,1908,0.3346460668484297,0.0
chan_3,1909,0.3442795112592143,0.0
chan_3,1910,0.34201757043320224,0.0
chan_3,1911,0.3466828233868524,0.0
chan_3,1912,0.355144905584166,0.0
chan_3,1913,0.3257396748460062,0.0
chan_3,1914,0.32652731495506426,0.0
chan_3,1915,0.3259618297485609,0.0
chan_3,1916,0.32769867716853485,0.0
chan_3,1917,0.336039583964455,0.0
chan_3,1918,0.3073210138341915,0.0
chan_3,1919,0.2976067858224778,0.0
chan_3,1920,0.3000302938503485,0.0
chan_3,1921,0.29687973341411666,0.0
chan_3,1922,0.30073715035847703,0.0
chan_3,1923,0.3105725537715842,0.0
chan_3,1924,0.28274260325153966,0.0
chan_3,1925,0.26876704029082044,0.0
chan_3,1926,0.26801979198222714,0.0
chan_3,1927,0.2658992224578407,0.0
chan_3,1928,0.2721195597293753,0.0
chan_3,1929,0.2817126123396947,0.0
chan_3,1930,0.29324447137231147,0.0
chan_3,1931,0.30489750580632125,0.0
chan_3,1932,0.2871049177017069,0.0
chan_3,1933,0.27036251640916875,0.0
chan_3,1934,0.2705644754114913,0.0
chan_3,1935,0.2669898010703826,0.0
chan_3,1936,0.2713925073210137,0.0
chan_3,1937,0.28084418862970795,0.0
chan_3,1938,0.2910431182469959,0.0
chan_3,1939,0.3034232050893668,0.0
chan_3,1940,0.28575179238614545,0.0
chan_3,1941,0.27787539129556693,0.0
chan_3,1942,0.28357063516106207,0.0
chan_3,1943,0.2818741795415529,0.0
chan_3,1944,0.28520650307987516,0.0
chan_3,1945,0.2987781480359484,0.0
chan_3,1946,0.31176411188528697,0.0
chan_3,1947,0.30316065838634687,0.0
chan_3,1948,0.28861961021912563,0.0
chan_3,1949,0.2938099565788148,0.0
chan_3,1950,0.29255781076441467,0.0
chan_3,1951,0.2988993234373418,0.0
chan_3,1952,0.3101888316671717,0.0
chan_3,1953,0.321902453801878,0.0
chan_3,1954,0.3327072604261332,0.0
chan_3,1955,0.30114106836312216,0.0
chan_3,1956,0.29090174694536985,0.0
chan_3,1957,0.29663738261132977,0.0
chan_3,1958,0.2980107038271229,0.0
chan_3,1959,0.3065131778249013,0.0
chan_3,1960,0.31848934666262707,0.0
chan_3,1961,0.3306068868019789,0.0
chan_3,1962,0.3431687367464402,0.0
chan_3,1963,0.3305059073008181,0.0
chan_3,1964,0.30915884075532674,0.0
chan_3,1965,0.309582954660204,0.0
chan_3,1966,0.30659396142583084,0.0
chan_3,1967,0.3098858931636874,0.0
chan_3,1968,0.3204887407856205,0.0
chan_3,1969,0.3326264768252041,0.0
chan_3,1970,0.34482480056548503,0.0
chan_3,1971,0.3415126729273954,0.0
chan_3,1972,0.31620720993638285,0.0
chan_3,1973,0.31895385236796914,0.0
chan_3,1974,0.3177420983540342,0.0
chan_3,1975,0.32060991618701395,0.0
chan_3,1976,0.3306472786024437,0.0
chan_3,1977,0.3435726547510858,0.0
chan_3,1978,0.3565182267999596,0.0
chan_3,1979,0.3374734928809451,0.0
chan_3,1980,0.32119559729374947,0.0
chan_3,1981,0.3330909825305457,0.0
chan_3,1982,0.3320205998182373,0.0
chan_3,1983,0.33848328789255744,0.0
chan_3,1984,0.3518529738463094,0.0
chan_3,1985,0.3664950015146924,0.0
chan_3,1986,0.3721498535797232,0.0
chan_3,1987,0.3351105725537713,0.0
chan_3,1988,0.33498939715237785,0.0
chan_3,1989,0.3379379985862867,0.0
chan_3,1990,0.340038372210441,0.0
chan_3,1991,0.34957083712006476,0.0
chan_3,1992,0.3641724729879834,0.0
chan_3,1993,0.37865293345450857,0.0
chan_3,1994,0.34561244067454266,0.0
chan_3,1995,0.33527213975562953,0.0
chan_3,1996,0.341654044229021,0.0
chan_3,1997,0.33969504190649324,0.0
chan_3,1998,0.3460163586791878,0.0
chan_3,1999,0.35912349792992027,0.0
chan_3,2000,0.3731394526911034,0.0
chan_3,2001,0.38246995859840416,0.0
chan_3,2002,0.34246188023831126,0.0
chan_3,2003,0.3400989599111379,0.0
chan_3,2004,0.34407755225689174,0.0
chan_3,2005,0.3438755932545692,0.0
chan_3,2006,0.3469655659901041,0.0
chan_3,2007,0.3645763909926285,0.0
chan_3,2008,0.3779258810461479,0.0
chan_3,2009,0.37093809956578827,0.0
chan_3,2010,0.3445218620620012,0.0
chan_3,2011,0.3506210239321419,0.0
chan_3,2012,0.34955064121983215,0.0
chan_3,2013,0.35286276885792134,0.0
chan_3,2014,0.36178935676057744,0.0
chan_3,2015,0.3747955165101482,0.0
chan_3,2016,0.3612844592547715,0.0
chan_3,2017,0.3429263859436533,0.0
chan_3,2018,0.3512874886398061,0.0
chan_3,2019,0.3490861355144905,0.0
chan_3,2020,0.35419569827325015,0.0
chan_3,2021,0.364515803291932,0.0
chan_3,2022,0.37851156215288295,0.0
chan_3,2023,0.34534989397152405,0.0
chan_3,2024,0.3326062809249719,0.0
chan_3,2025,0.336685852771887,0.0
chan_3,2026,0.3322629506210233,0.0
chan_3,2027,0.3367868322730483,0.0
chan_3,2028,0.3476320306977687,0.0
chan_3,2029,0.36096132485105503,0.0
chan_3,2030,0.34026052711299615,0.0
chan_3,2031,0.31495506412198315,0.0
chan_3,2032,0.3102696152681008,0.0
chan_3,2033,0.3095425628597397,0.0
chan_3,2034,0.3134605675047961,0.0
chan_3,2035,0.323194991416742,0.0
chan_3,2036,0.3366050691709579,0.0
chan_3,2037,0.3493688781177422,0.0
chan_3,2038,0.3300212056952434,0.0
chan_3,2039,0.30364535999192155,0.0
chan_3,2040,0.30520044430980464,0.0
chan_3,2041,0.3019287084721798,0.0
chan_3,2042,0.3047763304049278,0.0
chan_3,2043,0.3150156518226801,0.0
chan_3,2044,0.3282843582752699,0.0
chan_3,2045,0.3421387458345957,0.0
chan_3,2046,0.3095223669595071,0.0
chan_3,2047,0.30021205695243847,0.0
chan_3,2048,0.3077451277390688,0.0
chan_3,2049,0.30530142381096637,0.0
chan_3,2050,0.31101686357669367,0.0
chan_3,2051,0.3241240028274257,0.0
chan_3,2052,0.3387054427951126,0.0
chan_3,2053,0.3247298798343934,0.0
chan_3,2054,0.3077653236393014,0.0
chan_3,2055,0.3173987680500856,0.0
chan_3,2056,0.3157830960315051,0.0
chan_3,2057,0.3185903261637888,0.0
chan_3,2058,0.33097041300615926,0.0
chan_3,2059,0.3491265273149553,0.0
chan_3,2060,0.32293244471372295,0.0
chan_3,2061,0.3115217610824996,0.0
chan_3,2062,0.3193173785721495,0.0
chan_3,2063,0.31760072705240816,0.0
chan_3,2064,0.3245279208320708,0.0
chan_3,2065,0.3377360395839646,0.0
chan_3,2066,0.3520145410481672,0.0
chan_3,2067,0.33349490053519126,0.0
chan_3,2068,0.314228011713622,0.0
chan_3,2069,0.31903463596889825,0.0
chan_3,2070,0.31725739674845954,0.0
chan_3,2071,0.3220640210037362,0.0
chan_3,2072,0.3338584267393716,0.0
chan_3,2073,0.3477734019993943,0.0
chan_3,2074,0.3583358578208622,0.0
chan_3,2075,0.3177017065535699,0.0
chan_3,2076,0.31503584772291227,0.0
chan_3,2077,0.320226194082601,0.0
chan_3,2078,0.32046854488538834,0.0
chan_3,2079,0.3283045541755025,1.0
chan_3,2080,0.34163384832878885,1.0
chan_3,2081,0.35540745228718595,1.0
chan_3,2082,0.3368676158739774,1.0
chan_3,2083,0.31861052206402096,1.0
chan_3,2084,0.32632535595274126,1.0
chan_3,2085,0.32016560638190406,1.0
chan_3,2086,0.3787943047561346,1.0
chan_3,2087,0.45866909017469437,1.0
chan_3,2088,0.34335049984853017,1.0
chan_3,2089,0.5987680500858326,1.0
chan_3,2090,0.3411693426234472,1.0
chan_3,2091,0.29932343734221956,1.0
chan_3,2092,0.5040088861961016,1.0
chan_3,2093,0.3680298899323442,1.0
chan_3,2094,0.37299808138947776,1.0
chan_3,2095,0.4957285671008784,1.0
chan_3,2096,0.27028173280823964,1.0
chan_3,2097,0.4334848025850748,1.0
chan_3,2098,0.4240331212763806,1.0
chan_3,2099,0.35579117439159846,1.0
chan_3,2100,0.41454104816722204,1.0
chan_3,2101,0.4373018277289713,1.0
chan_3,2102,0.3269312329597094,1.0
chan_3,2103,0.3071190548318694,1.0
chan_3,2104,0.3056447541149141,1.0
chan_3,2105,0.2782389174997473,1.0
chan_3,2106,0.2738766030495805,1.0
chan_3,2107,0.2660809855599311,1.0
chan_3,2108,0.23019287084721807,1.0
chan_3,2109,0.22883974553165665,1.0
chan_3,2110,0.22988993234373423,1.0
chan_3,2111,0.2327577501767144,1.0
chan_3,2112,0.23825103503988698,1.0
chan_3,2113,0.3358376249621329,1.0
chan_3,2114,0.36788851863071814,1.0
chan_3,2115,0.33179844491568167,1.0
chan_3,2116,0.3034232050893668,1.0
chan_3,2117,0.5210542259921236,1.0
chan_3,2118,0.34042209431485393,1.0
chan_3,2119,0.24283550439260804,1.0
chan_3,2120,0.4239725335756841,1.0
chan_3,2121,0.3488639806119358,1.0
chan_3,2122,0.23609007371503576,1.0
chan_3,2123,0.4076744420882559,1.0
chan_3,2124,0.37188730687670457,1.0
chan_3,2125,0.26644451176411144,1.0
chan_3,2126,0.3931131980208016,1.0
chan_3,2127,0.3853175805311517,1.0
chan_3,2128,0.34730889629405226,1.0
chan_3,2129,0.3664950015146924,1.0
chan_3,2130,0.38380288801373297,1.0
chan_3,2131,0.38665050994648054,1.0
chan_3,2132,0.35631626779763703,0.0
chan_3,2133,0.36118347975360976,0.0
chan_3,2134,0.36857517923861494,0.0
chan_3,2135,0.37158436837321984,0.0
chan_3,2136,0.38166212258911436,0.0
chan_3,2137,0.397435120670504,0.0
chan_3,2138,0.4039180046450568,0.0
chan_3,2139,0.3743714026052709,0.0
chan_3,2140,0.38249015449863677,0.0
chan_3,2141,0.3877612844592546,0.0
chan_3,2142,0.39254771281429823,0.0
chan_3,2143,0.4054125012622438,0.0
chan_3,2144,0.4252246793900838,0.0
chan_3,2145,0.4217913763506007,0.0
chan_3,2146,0.40411996364737934,0.0
chan_3,2147,0.41328890235282234,0.0
chan_3,2148,0.413571644956074,0.0
chan_3,2149,0.4199939412299303,0.0
chan_3,2150,0.43227304857113946,0.0
chan_3,2151,0.4466929213369686,0.0
chan_3,2152,0.42169039684943943,0.0
chan_3,2153,0.41750984550136305,0.0
chan_3,2154,0.42540644249217374,0.0
chan_3,2155,0.42641623750378654,0.0
chan_3,2156,0.4335251943855396,0.0
chan_3,2157,0.4447541149146721,0.0
chan_3,2158,0.45761890336261724,0.0
chan_3,2159,0.4268807432091286,0.0
chan_3,2160,0.42195294355245894,0.0
chan_3,2161,0.42724426941330895,0.0
chan_3,2162,0.4260931031000701,0.0
chan_3,2163,0.4321316772695143,0.0
chan_3,2164,0.44317883469655683,0.0
chan_3,2165,0.45539735433706907,0.0
chan_3,2166,0.431384428960921,0.0
chan_3,2167,0.42033727153387845,0.0
chan_3,2168,0.4266787842068056,0.0
chan_3,2169,0.4238917499747554,0.0
chan_3,2170,0.4292638594365341,0.0
chan_3,2171,0.43940220135312513,0.0
chan_3,2172,0.4514793496920122,0.0
chan_3,2173,0.43556498030899693,0.0
chan_3,2174,0.4202968797334141,0.0
chan_3,2175,0.4292840553367663,0.0
chan_3,2176,0.4271432899121481,0.0
chan_3,2177,0.43065737655255987,0.0
chan_3,2178,0.43911945874987346,0.0
chan_3,2179,0.45079268908411585,0.0
chan_3,2180,0.42070079773805924,0.0
chan_3,2181,0.42007472483085895,0.0
chan_3,2182,0.4281934767242248,0.0
chan_3,2183,0.4310209027567402,0.0
chan_3,2184,0.43823083913965455,0.0
chan_3,2185,0.45139856609108353,0.0
chan_3,2186,0.4316267797637079,0.0
chan_3,2187,0.41817631020902724,0.0
chan_3,2188,0.424416843380794,0.0
chan_3,2189,0.42320508936685863,0.0
chan_3,2190,0.4283752398263152,0.0
chan_3,2191,0.4387559325456931,0.0
chan_3,2192,0.44737958194486493,0.0
chan_3,2193,0.4133090982530545,0.0
chan_3,2194,0.41120872462890024,0.0
chan_3,2195,0.41353125315560924,0.0
chan_3,2196,0.4139553670604865,0.0
chan_3,2197,0.42027668383318195,0.0
chan_3,2198,0.43128344945975927,0.0
chan_3,2199,0.4374835908310608,0.0
chan_3,2200,0.40498838735736653,0.0
chan_3,2201,0.40411996364737934,0.0
chan_3,2202,0.4062001413713019,0.0
chan_3,2203,0.40759365848732676,0.0
chan_3,2204,0.4146420276683833,0.0
chan_3,2205,0.4258507522972832,0.0
chan_3,2206,0.43831162274058366,0.0
chan_3,2207,0.4084216903968487,0.0
chan_3,2208,0.404402706250631,0.0
chan_3,2209,0.4110067656265781,1.0
chan_3,2210,0.4098152075128749,1.0
chan_3,2211,0.4147632030697763,1.0
chan_3,2212,0.42453801878218744,1.0
chan_3,2213,0.4336261738867009,1.0
chan_3,2214,0.40458446935272097,1.0
chan_3,2215,0.407048369181056,1.0
chan_3,2216,0.41187518933656486,1.0
chan_3,2217,0.42447743108149005,1.0
chan_3,2218,0.395940624053317,1.0
chan_3,2219,0.30423104109865706,1.0
chan_3,2220,0.3585984045238817,1.0
chan_3,2221,0.3903665555892153,1.0
chan_3,2222,0.3105523578713516,1.0
chan_3,2223,0.21336968595375083,1.0
chan_3,2224,0.3471877208926588,1.0
chan_3,2225,0.3396748460062611,1.0
chan_3,2226,0.2799959608199538,1.0
chan_3,2227,0.38844794506715186,1.0
chan_3,2228,0.36576794910633126,1.0
chan_3,2229,0.3141472281126929,1.0
chan_3,2230,0.18824598606482867,1.0
chan_3,2231,0.24960113097041337,1.0
chan_3,2232,0.2760577602746639,1.0
chan_3,2233,0.28439866707058403,1.0
chan_3,2234,0.28348985156013295,1.0
chan_3,2235,0.24875290316065835,1.0
chan_3,2236,0.23271735837624963,1.0
chan_3,2237,0.22661819650610937,1.0
chan_3,2238,0.22494193678683239,1.0
chan_3,2239,0.2287993537311923,1.0
chan_3,2240,0.2412804200747245,1.0
chan_3,2241,0.23160658386347555,1.0
chan_3,2242,0.24289609209330498,1.0
chan_3,2243,0.46567706755528615,1.0
chan_3,2244,0.3281833787741091,1.0
chan_3,2245,0.42003433303039506,1.0
chan_3,2246,0.4801373321215796,1.0
chan_3,2247,0.41635867918812464,1.0
chan_3,2248,0.27403817025143873,1.0
chan_3,2249,0.3721498535797232,1.0
chan_3,2250,0.4030091891346057,1.0
chan_3,2251,0.3457740078764009,1.0
chan_3,2252,0.31745935575078255,1.0
chan_3,2253,0.4594971220842168,1.0
chan_3,2254,0.40418055134807673,1.0
chan_3,2255,0.29197212965767916,1.0
chan_3,2256,0.3256184994446132,1.0
chan_3,2257,0.34629910128243946,1.0
chan_3,2258,0.3353327274563265,1.0
chan_3,2259,0.31820660405937584,1.0
chan_3,2260,0.3238614561244062,1.0
chan_3,2261,0.32479046753509033,1.0
chan_3,2262,0.33022316469756596,1.0
chan_3,2263,0.3311521761082501,0.0
chan_3,2264,0.33359588003635254,0.0
chan_3,2265,0.33678683227304873,0.0
chan_3,2266,0.35021710592749633,0.0
chan_3,2267,0.32097344239119474,0.0
chan_3,2268,0.32592143794809614,0.0
chan_3,2269,0.33482782995051963,0.0
chan_3,2270,0.3401999394122992,0.0
chan_3,2271,0.3510855296374835,0.0
chan_3,2272,0.36433404018984117,0.0
chan_3,2273,0.33193981621730817,0.0
chan_3,2274,0.32870847218014765,0.0
chan_3,2275,0.3348682217509844,0.0
chan_3,2276,0.33801878218721626,0.0
chan_3,2277,0.34541048167222055,0.0
chan_3,2278,0.36096132485105503,0.0
chan_3,2279,0.33759466828233853,0.0
chan_3,2280,0.3272341714631928,0.0
chan_3,2281,0.3370897707765321,0.0
chan_3,2282,0.33737251337978424,0.0
chan_3,2283,0.34690497828940714,0.0
chan_3,2284,0.36053721094617774,0.0
chan_3,2285,0.37505806321316726,0.0
chan_3,2286,0.3440371604564274,0.0
chan_3,2287,0.3408058164192673,0.0
chan_3,2288,0.3510855296374831,0.0
chan_3,2289,0.3537715843683733,0.0
chan_3,2290,0.3632030697768349,0.0
chan_3,2291,0.3775421589417345,0.0
chan_3,2292,0.39547611834797536,0.0
chan_3,2293,0.3682520448348985,0.0
chan_3,2294,0.36213268706452606,0.0
chan_3,2295,0.36605069170958293,0.0
chan_3,2296,0.36936281934767257,0.0
chan_3,2297,0.37639099262849696,0.0
chan_3,2298,0.388266181965061,0.0
chan_3,2299,0.40185802282136684,0.0
chan_3,2300,0.3715439765727555,0.0
chan_3,2301,0.3720286781783293,0.0
chan_3,2302,0.3791982227607793,0.0
chan_3,2303,0.3814803594870235,0.0
chan_3,2304,0.38883166717156437,0.0
chan_3,2305,0.4006462688074315,0.0
chan_3,2306,0.3867716853478744,0.0
chan_3,2307,0.3702110471574267,0.0
chan_3,2308,0.37933959406240536,0.0
chan_3,2309,0.37857214985357945,0.0
chan_3,2310,0.38400484701605553,0.0
chan_3,2311,0.39470867413914945,0.0
chan_3,2312,0.40331212763808955,0.0
chan_3,2313,0.3658891245077247,0.0
chan_3,2314,0.36393012218519605,0.0
chan_3,2315,0.36851459153791755,0.0
chan_3,2316,0.3682924366353628,0.0
chan_3,2317,0.37526002221549026,0.0
chan_3,2318,0.38699384025042916,0.0
chan_3,2319,0.39012420478642795,0.0
chan_3,2320,0.355468039987882,0.0
chan_3,2321,0.3569827325053012,0.0
chan_3,2322,0.3548823588811474,0.0
chan_3,2323,0.3580733111178427,0.0
chan_3,2324,0.36792891043118203,0.0
chan_3,2325,0.3800262546703017,0.0
chan_3,2326,0.3814399676865592,0.0
chan_3,2327,0.3529031606583861,0.0
chan_3,2328,0.3575482177118041,0.0
chan_3,2329,0.35900232252852593,0.0
chan_3,2330,0.3621124911642939,0.0
chan_3,2331,0.3703726143592845,0.0
chan_3,2332,0.38226799959608204,0.0
chan_3,2333,0.3654448147026148,0.0
chan_3,2334,0.35587195799252713,0.0
chan_3,2335,0.36619206301120855,0.0
chan_3,2336,0.36538422700191875,0.0
chan_3,2337,0.3713016257699686,0.0
chan_3,2338,0.38146016358679136,0.0
chan_3,2339,0.38592345753811985,0.0
chan_3,2340,0.3582752701201657,0.0
chan_3,2341,0.36245582146824207,0.0
chan_3,2342,0.36493991719680885,0.0
chan_3,2343,0.368312632535595,0.0
chan_3,2344,0.3756639402201354,0.0
chan_3,2345,0.3875391295566999,0.0
chan_3,2346,0.37142280117136206,0.0
chan_3,2347,0.3568009694032108,0.0
chan_3,2348,0.3626779763707968,0.0
chan_3,2349,0.3621730788649904,0.0
chan_3,2350,0.36613147531051204,0.0
chan_3,2351,0.3760072705240831,0.0
chan_3,2352,0.38761991315762945,0.0
chan_3,2353,0.38568110673533296,0.0
chan_3,2354,0.35070180753307056,0.0
chan_3,2355,0.355023730182773,0.0
chan_3,2356,0.3573058669090172,0.0
chan_3,2357,0.3592850651317776,0.0
chan_3,2358,0.36706048672119573,0.0
chan_3,2359,0.37857214985357945,0.0
chan_3,2360,0.38990204988387367,0.0
chan_3,2361,0.35896193072806204,0.0
chan_3,2362,0.3538725638695346,0.0
chan_3,2363,0.36033525194385563,0.0
chan_3,2364,0.3585176209229526,0.0
chan_3,2365,0.3636473795819448,0.0
chan_3,2366,0.37400787640109057,0.0
chan_3,2367,0.38572149853579774,0.0
chan_3,2368,0.37065535696253615,0.0
chan_3,2369,0.357992527516914,0.0
chan_3,2370,0.36744420882560824,0.0
chan_3,2371,0.3645965868928607,0.0
chan_3,2372,0.3692214480460465,0.0
chan_3,2373,0.37841058265172167,0.0
chan_3,2374,0.3903059678885188,0.0
chan_3,2375,0.36069877814803597,0.0
chan_3,2376,0.35247904675350883,0.0
chan_3,2377,0.3624760173684738,0.0
chan_3,2378,0.36086034534989375,0.0
chan_3,2379,0.364636978693325,0.0
chan_3,2380,0.3765323639301221,0.0
chan_3,2381,0.3902251842875897,0.0
chan_3,2382,0.3662324548116733,0.0
chan_3,2383,0.3529435524588509,0.0
chan_3,2384,0.3585984045238817,0.0
chan_3,2385,0.3549833383823082,0.0
chan_3,2386,0.3585176209229526,0.0
chan_3,2387,0.36827224073513065,0.0
chan_3,2388,0.38018782187215994,0.0
chan_3,2389,0.37655255983035385,0.0
chan_3,2390,0.34615772998081384,0.0
chan_3,2391,0.34617792588104646,0.0
chan_3,2392,0.34573361607593656,0.0
chan_3,2393,0.3475714429970713,0.0
chan_3,2394,0.3555084317883468,0.0
chan_3,2395,0.3675047965263052,0.0
chan_3,2396,0.37824901544986345,0.0
chan_3,2397,0.3431283449459759,0.0
chan_3,2398,0.33866505099464783,0.0
chan_3,2399,0.33939210340300896,0.0
chan_3,2400,0.340886600020196,0.0
chan_3,2401,0.3477128142986974,0.0
chan_3,2402,0.35918408563061677,0.0
chan_3,2403,0.37210946177925885,0.0
chan_3,2404,0.34894476421286447,0.0
chan_3,2405,0.3409067959204277,0.0
chan_3,2406,0.34839947490659373,0.0
chan_3,2407,0.3462385135817425,0.0
chan_3,2408,0.3510451378370192,0.0
chan_3,2409,0.3610421084519846,0.0
chan_3,2410,0.3683530243360593,0.0
chan_3,2411,0.3409067959204277,0.0
chan_3,2412,0.3440977481571239,0.0
chan_3,2413,0.34557204887407833,0.0
chan_3,2414,0.3490861355144905,0.0
chan_3,2415,0.3580127234171466,0.0
chan_3,2416,0.37077653236393004,0.0
chan_3,2417,0.3531657073614052,0.0
chan_3,2418,0.33775623548419675,0.0
chan_3,2419,0.34177521963041446,1.0
chan_3,2420,0.33951327880440285,1.0
chan_3,2421,0.3438755932545692,1.0
chan_3,2422,0.3537311925679085,1.0
chan_3,2423,0.36534383520145397,1.0
chan_3,2424,0.3477734019993939,1.0
chan_3,2425,0.3490457437140262,1.0
chan_3,2426,0.48445925477128116,1.0
chan_3,2427,0.3622942542663834,1.0
chan_3,2428,0.4884580430172676,1.0
chan_3,2429,0.486761587397758,1.0
chan_3,2430,0.38931636877713816,1.0
chan_3,2431,0.5427244269413314,1.0
chan_3,2432,0.48130869433504975,1.0
chan_3,2433,0.36090073715035853,1.0
chan_3,2434,0.4642835504392604,1.0
chan_3,2435,0.4995052004443097,1.0
chan_3,2436,0.40272644653135403,1.0
chan_3,2437,0.46547510855296403,1.0
chan_3,2438,0.5832979905079267,1.0
chan_3,2439,0.4814500656366758,1.0
chan_3,2440,0.43889730384731873,1.0
chan_3,2441,0.451398566091084,1.0
chan_3,2442,0.4278905382207414,1.0
chan_3,2443,0.4364535999192163,1.0
chan_3,2444,0.44604665252953657,1.0
chan_3,2445,0.429708169241644,1.0
chan_3,2446,0.4214480460466521,0.0
chan_3,2447,0.4259315358982123,0.0
chan_3,2448,0.42417449257800666,0.0
chan_3,2449,0.429708169241644,0.0
chan_3,2450,0.44073513076845394,0.0
chan_3,2451,0.4432192264970207,0.0
chan_3,2452,0.4178127840048469,0.0
chan_3,2453,0.4208017772392201,0.0
chan_3,2454,0.42556800969403197,0.0
chan_3,2455,0.43039482984954036,0.0
chan_3,2456,0.4397253357568416,0.0
chan_3,2457,0.45125719478945747,0.0
chan_3,2458,0.4559224477431081,0.0
chan_3,2459,0.4221145107543167,0.0
chan_3,2460,0.42425527617893577,0.0
chan_3,2461,0.4290215086337472,0.0
chan_3,2462,0.432737554276482,0.0
chan_3,2463,0.44222962738564053,0.0
chan_3,2464,0.4554175502373017,0.0
chan_3,2465,0.46886801979198234,0.0
chan_3,2466,0.44271432899121477,0.0
chan_3,2467,0.4381702514389576,0.0
chan_3,2468,0.4465919418358073,0.0
chan_3,2469,0.4472382106432393,0.0
chan_3,2470,0.4548722609310305,0.0
chan_3,2471,0.46598000605877,1.0
chan_3,2472,0.47898616580834075,1.0
chan_3,2473,0.45820458446935275,1.0
chan_3,2474,0.4547308896294049,1.0
chan_3,2475,0.46561647985458965,1.0
chan_3,2476,0.4662829445622534,1.0
chan_3,2477,0.47365444814702595,1.0
chan_3,2478,0.48510552357871317,1.0
chan_3,2479,0.4907805715439766,1.0
chan_3,2480,0.4024235080278702,1.0
chan_3,2481,0.5610623043522169,1.0
chan_3,2482,0.6539230536201153,1.0
chan_3,2483,0.5425830556397049,1.0
chan_3,2484,0.6203978592345751,1.0
chan_3,2485,0.7292133696859535,1.0
chan_3,2486,0.6123598909421388,1.0
chan_3,2487,0.4103806927193778,1.0
chan_3,2488,0.5417550237301825,1.0
chan_3,2489,0.5406846410178732,1.0
chan_3,2490,0.4603453498939718,1.0
chan_3,2491,0.4261536908007675,1.0
chan_3,2492,0.5903463596889829,1.0
chan_3,2493,0.6277289710188834,1.0
chan_3,2494,0.4587498737756235,1.0
chan_3,2495,0.5178228819549626,1.0
chan_3,2496,0.5732202362920327,1.0
chan_3,2497,0.505927496718166,1.0
chan_3,2498,0.4557406846410177,1.0
chan_3,2499,0.4297889528425727,1.0
chan_3,2500,0.4209229526406135,1.0
chan_3,2501,0.424861153185903,1.0
chan_3,2502,0.428213672624457,1.0
chan_3,2503,0.4341714631929716,1.0
chan_3,2504,0.4994446127436132,1.0
chan_3,2505,0.5848328789255781,1.0
chan_3,2506,0.4783600929011409,1.0
chan_3,2507,0.4905180248409575,1.0
chan_3,2508,0.5699888922548721,1.0
chan_3,2509,0.5633040492779964,1.0
chan_3,2510,0.4197717863273751,1.0
chan_3,2511,0.5171160254468341,1.0
chan_3,2512,0.6492578006664647,1.0
chan_3,2513,0.5736847419973747,1.0
chan_3,2514,0.4287791578309603,1.0
chan_3,2515,0.594304756134505,1.0
chan_3,2516,0.6508330808845804,1.0
chan_3,2517,0.4854690497828944,1.0
chan_3,2518,0.4396849439563768,1.0
chan_3,2519,0.5816621225891141,1.0
chan_3,2520,0.591780268605473,1.0
chan_3,2521,0.42785014642027663,1.0
chan_3,2522,0.45335756841361174,1.0
chan_3,2523,0.4388569120468544,1.0
chan_3,2524,0.4481470261536904,0.0
chan_3,2525,0.47482581036049654,0.0
chan_3,2526,0.48199535494294654,0.0
chan_3,2527,0.48557002928405524,0.0
chan_3,2528,0.4996465717459353,0.0
chan_3,2529,0.4681005755831569,0.0
chan_3,2530,0.4502877915783099,0.0
chan_3,2531,0.4535999192163991,0.0
chan_3,2532,0.45610421084519803,0.0
chan_3,2533,0.4584873270726044,0.0
chan_3,2534,0.46525295365040886,0.0
chan_3,2535,0.4638392406341514,0.0
chan_3,2536,0.4409168938705439,0.0
chan_3,2537,0.44657174593557514,0.0
chan_3,2538,0.4464707664344134,0.0
chan_3,2539,0.45252953650408934,0.0
chan_3,2540,0.46194082601231923,0.0
chan_3,2541,0.4740179743512063,0.0
chan_3,2542,0.44935878016762576,0.0
chan_3,2543,0.4443098051095622,0.0
chan_3,2544,0.45422599212359893,0.0
chan_3,2545,0.45806321316772713,0.0
chan_3,2546,0.46624255276178905,0.0
chan_3,2547,0.4775118650913863,0.0
chan_3,2548,0.48744824800565434,0.0
chan_3,2549,0.47171564172472946,1.0
chan_3,2550,0.45733616075936556,1.0
chan_3,2551,0.4636170857315962,1.0
chan_3,2552,0.4641421791376348,1.0
chan_3,2553,0.470301928708472,1.0
chan_3,2554,0.48058164192668906,1.0
chan_3,2555,0.4922750681611632,1.0
chan_3,2556,0.5100878521660102,1.0
chan_3,2557,0.5167928910431181,1.0
chan_3,2558,0.5117237200848228,1.0
chan_3,2559,0.40884580430172646,1.0
chan_3,2560,0.5430475613450474,1.0
chan_3,2561,0.6160759365848736,1.0
chan_3,2562,0.5701706553569625,1.0
chan_3,2563,0.5352317479551649,1.0
chan_3,2564,0.6885186307179647,1.0
chan_3,2565,0.7391699485004546,1.0
chan_3,2566,0.5295768958901346,1.0
chan_3,2567,0.49726345551852935,1.0
chan_3,2568,0.6981116833282841,1.0
chan_3,2569,0.6925578107644146,1.0
chan_3,2570,0.4906392002423505,1.0
chan_3,2571,0.5495304453196002,1.0
chan_3,2572,0.6424113904877307,1.0
chan_3,2573,0.6018984146218318,1.0
chan_3,2574,0.47561345046955505,1.0
chan_3,2575,0.5280420074724832,1.0
chan_3,2576,0.5252751691406643,1.0
chan_3,2577,0.4890639200242348,1.0
chan_3,2578,0.4634151267292741,1.0
chan_3,2579,0.46284964152277075,1.0
chan_3,2580,0.4545895183277793,1.0
chan_3,2581,0.4597394728870037,1.0
chan_3,2582,0.5217610825002521,1.0
chan_3,2583,0.579137635060083,1.0
chan_3,2584,0.47424012925376147,1.0
chan_3,2585,0.5368474199737454,1.0
chan_3,2586,0.5639301221851967,1.0
chan_3,2587,0.5907906694940923,1.0
chan_3,2588,0.4433000100979503,1.0
chan_3,2589,0.4741997374532967,1.0
chan_3,2590,0.535696253660507,1.0
chan_3,2591,0.5316368777138245,1.0
chan_3,2592,0.3871150156518226,1.0
chan_3,2593,0.3629001312733515,1.0
chan_3,2594,0.5007371503584768,1.0
chan_3,2595,0.4652327577501767,1.0
chan_3,2596,0.37469453700898736,1.0
chan_3,2597,0.3792386145612441,1.0
chan_3,2598,0.4414419872765829,1.0
chan_3,2599,0.4283752398263152,1.0
chan_3,2600,0.3938402504291627,1.0
chan_3,2601,0.3851762092295261,1.0
chan_3,2602,0.39634454205796255,1.0
chan_3,2603,0.40351408664041166,0.0
chan_3,2604,0.4044430980510958,0.0
chan_3,2605,0.4132283146521254,0.0
chan_3,2606,0.42098354034131047,0.0
chan_3,2607,0.39747551247096835,0.0
chan_3,2608,0.3987680500858324,0.0
chan_3,2609,0.4010097950116127,0.0
chan_3,2610,0.4029889932343731,0.0
chan_3,2611,0.41254165404422904,0.0
chan_3,2612,0.42342724426941336,0.0
chan_3,2613,0.4345349893971524,0.0
chan_3,2614,0.42134706654549126,0.0
chan_3,2615,0.41007775421589354,0.0
chan_3,2616,0.4149045743714024,0.0
chan_3,2617,0.4154700595779057,0.0
chan_3,2618,0.42219529435524583,0.0
chan_3,2619,0.43081894375441765,0.0
chan_3,2620,0.4424719781884279,0.0
chan_3,2621,0.4464303746339495,0.0
chan_3,2622,0.45012622437645167,0.0
chan_3,2623,0.4273250530142385,0.0
chan_3,2624,0.4291628799353733,0.0
chan_3,2625,0.43374734928809433,0.0
chan_3,2626,0.4412198323740282,0.0
chan_3,2627,0.4513177824901544,0.0
chan_3,2628,0.46242552761789346,0.0
chan_3,2629,0.47226093103100064,0.0
chan_3,2630,0.47466424315863875,0.0
chan_3,2631,0.45689185095425655,0.0
chan_3,2632,0.4635766939311319,0.0
chan_3,2633,0.4645662930425125,0.0
chan_3,2634,0.468504493587802,0.0
chan_3,2635,0.4756942340704833,0.0
chan_3,2636,0.4837120064626883,0.0
chan_3,2637,0.49387054427951105,0.0
chan_3,2638,0.4677774411794404,0.0
chan_3,2639,0.46091083510047426,0.0
chan_3,2640,0.46436433404018995,0.0
chan_3,2641,0.4612541654044229,0.0
chan_3,2642,0.4648490356457633,0.0
chan_3,2643,0.4727254367363427,0.0
chan_3,2644,0.48233868524689427,0.0
chan_3,2645,0.4861557103907903,0.0
chan_3,2646,0.4544279511259215,0.0
chan_3,2647,0.44921740886600015,0.0
chan_3,2648,0.4505301423810968,0.0
chan_3,2649,0.44986367767343216,0.0
chan_3,2650,0.45495304453196006,0.0
chan_3,2651,0.4618600424113901,0.0
chan_3,2652,0.4737352317479546,0.0
chan_3,2653,0.47201858022821375,0.0
chan_3,2654,0.4439866707058462,0.0
chan_3,2655,0.4449560739169951,0.0
chan_3,2656,0.44465313541351126,0.0
chan_3,2657,0.4464303746339495,0.0
chan_3,2658,0.4523275775017672,0.0
chan_3,2659,0.462748662021609,0.0
chan_3,2660,0.47496718166212304,0.0
chan_3,2661,0.4515399373927096,0.0
chan_3,2662,0.44023023326264754,0.0
chan_3,2663,0.4470766434413811,0.0
chan_3,2664,0.44471372311420776,0.0
chan_3,2665,0.4480056548520652,0.0
chan_3,2666,0.45630616984752104,0.0
chan_3,2667,0.46719176007270535,0.0
chan_3,2668,0.44380490760375624,0.0
chan_3,2669,0.43893769564778307,0.0
chan_3,2670,0.44630919923255563,0.0
chan_3,2671,0.444673331313743,0.0
chan_3,2672,0.45018681207714817,0.0
chan_3,2673,0.46030495809350747,0.0
chan_3,2674,0.44808643845299434,0.0
chan_3,2675,0.433504998485307,0.0
chan_3,2676,0.4404725840654349,0.0
chan_3,2677,0.43847318994244144,0.0
chan_3,2678,0.4383116227405832,0.0
chan_3,2679,0.44855094415833596,0.0
chan_3,2680,0.4527516914066436,0.0
chan_3,2681,0.4239119458749876,0.0
chan_3,2682,0.4226799959608196,0.0
chan_3,2683,0.4231041098656969,0.0
chan_3,2684,0.42385135817429065,0.0
chan_3,2685,0.4301322831465213,0.0
chan_3,2686,0.43930122185196385,0.0
chan_3,2687,0.4377663334343125,0.0
chan_3,2688,0.4109057861254164,0.0
chan_3,2689,0.41066343532262906,0.0
chan_3,2690,0.4105018681207713,0.0
chan_3,2691,0.4119155811370292,0.0
chan_3,2692,0.4182570938099568,0.0
chan_3,2693,0.42823386852468914,0.0
chan_3,2694,0.4379279006361707,0.0
chan_3,2695,0.4239119458749867,0.0
chan_3,2696,0.4061193577703728,0.0
chan_3,2697,0.40997677471473315,0.0
chan_3,2698,0.40670503887710785,0.0
chan_3,2699,0.4092901141068359,0.0
chan_3,2700,0.4168433807936993,0.0
chan_3,2701,0.4269413309098251,0.0
chan_3,2702,0.434151267292739,0.0
chan_3,2703,0.4048268201555083,0.0
chan_3,2704,0.4036756538422699,0.0
chan_3,2705,0.40498838735736653,0.0
chan_3,2706,0.40684641017873346,0.0
chan_3,2707,0.41328890235282234,0.0
chan_3,2708,0.42316469756639385,0.0
chan_3,2709,0.43182873876603045,0.0
chan_3,2710,0.4039583964455211,0.0
chan_3,2711,0.4055134807634051,0.0
chan_3,2712,0.40884580430172646,0.0
chan_3,2713,0.4099969706149649,0.0
chan_3,2714,0.41595476118347996,0.0
chan_3,2715,0.4263354539028579,0.0
chan_3,2716,0.4356659598101582,0.0
chan_3,2717,0.40286781783297965,0.0
chan_3,2718,0.39963647379581957,0.0
chan_3,2719,0.4031505604362313,0.0
chan_3,2720,0.40201959002322507,0.0
chan_3,2721,0.4070685650812882,0.0
chan_3,2722,0.4174694537008987,0.0
chan_3,2723,0.4285771988286373,0.0
chan_3,2724,0.40006058770069686,0.0
chan_3,2725,0.39186105220640144,0.0
chan_3,2726,0.3973745329698066,0.0
chan_3,2727,0.39551651014844014,0.0
chan_3,2728,0.4001817631020903,0.0
chan_3,2729,0.40577602746642416,0.0
chan_3,2730,0.4209835403413109,0.0
chan_3,2731,0.401878218721599,0.0
chan_3,2732,0.39018479248712534,0.0
chan_3,2733,0.3962233666565691,1.0
chan_3,2734,0.3945067151368269,1.0
chan_3,2735,0.39864687468443893,1.0
chan_3,2736,0.4081793395940623,1.0
chan_3,2737,0.41981217812783944,1.0
chan_3,2738,0.40030293850348375,1.0
chan_3,2739,0.39186105220640144,1.0
chan_3,2740,0.41369282035746746,1.0
chan_3,2741,0.463657477532061,1.0
chan_3,2742,0.39783903867514914,1.0
chan_3,2743,0.30944158335857797,1.0
chan_3,2744,0.3923255579117435,1.0
chan_3,2745,0.4655962839543575,1.0
chan_3,2746,0.41341007775421623,1.0
chan_3,2747,0.3357568413612033,1.0
chan_3,2748,0.4123194991416739,1.0
chan_3,2749,0.46511158234878325,1.0
chan_3,2750,0.4616984752095319,1.0
chan_3,2751,0.330243360597799,1.0
chan_3,2752,0.35098455013632224,1.0
chan_3,2753,0.40900737150358424,1.0
chan_3,2754,0.36603049580935076,1.0
chan_3,2755,0.40036352620418025,1.0
chan_3,2756,0.3907502776936278,1.0
chan_3,2757,0.29415328688276254,1.0
chan_3,2758,0.27246289003332347,1.0
chan_3,2759,0.2771483388872058,1.0
chan_3,2760,0.283631222861759,0.0
chan_3,2761,0.28823588811471224,0.0
chan_3,2762,0.2946985761890333,0.0
chan_3,2763,0.28583257598707457,0.0
chan_3,2764,0.2594365343835201,0.0
chan_3,2765,0.26004241139048734,0.0
chan_3,2766,0.2593759466828236,0.0
chan_3,2767,0.2631525800262544,0.0
chan_3,2768,0.2723417146319296,0.0
chan_3,2769,0.28371200646268857,0.0
chan_3,2770,0.2950015146925171,0.0
chan_3,2771,0.27953145511461175,0.0
chan_3,2772,0.2631121882257901,0.0
chan_3,2773,0.2680803796829241,0.0
chan_3,2774,0.2660607896596989,0.0
chan_3,2775,0.27121074421892377,0.0
chan_3,2776,0.2823588811471267,0.0
chan_3,2777,0.2935676057760275,0.0
chan_3,2778,0.30425123699888923,0.0
chan_3,2779,0.28611531859032624,0.0
chan_3,2780,0.27934969201252136,0.0
chan_3,2781,0.28851863071796435,0.0
chan_3,2782,0.288276279915177,0.0
chan_3,2783,0.2946985761890337,0.0
chan_3,2784,0.30631121882257917,0.0
chan_3,2785,0.3189336564677365,0.0
chan_3,2786,0.32285166111279384,0.0
chan_3,2787,0.2982934464303746,0.0
chan_3,2788,0.3047763304049269,0.0
chan_3,2789,0.3153791780268609,0.0
chan_3,2790,0.32487125113601945,0.0
chan_3,2791,0.33349490053519126,0.0
chan_3,2792,0.3494496617186713,0.0
chan_3,2793,0.3676259719276991,0.0
chan_3,2794,0.35833585782086264,0.0
chan_3,2795,0.376128445925477,0.0
chan_3,2796,0.3941835807331113,0.0
chan_3,2797,0.39695041906492934,0.0
chan_3,2798,0.4002221549025542,0.0
chan_3,2799,0.40521054225992126,0.0
chan_3,2800,0.41454104816722204,0.0
chan_3,2801,0.37849136625265034,0.0
chan_3,2802,0.36298091487428064,0.0
chan_3,2803,0.3412703221246085,0.0
chan_3,2804,0.3326466727254367,0.0
chan_3,2805,0.33993739270928014,0.0
chan_3,2806,0.29982833484802596,0.0
chan_3,2807,0.22435625568009687,0.0
chan_3,2808,0.20361506614157365,0.0
chan_3,2809,0.2023629203271735,0.0
chan_3,2810,0.20030293850348402,0.0
chan_3,2811,0.22793093002120557,0.0
chan_3,2812,0.2554781379379989,0.0
chan_3,2813,0.2814904574371404,0.0
chan_3,2814,0.32759769766737357,0.0
chan_3,2815,0.411047157427042,0.0
chan_3,2816,0.48175300414015965,0.0
chan_3,2817,0.4864586488942737,0.0
chan_3,2818,0.47884479450671513,0.0
chan_3,2819,0.5244471372311419,0.0
chan_3,2820,0.5276178935676059,0.0
